customer_id,name,email,age,gender,city,registration_date
CUST_0001,Amir Kumar,amir.kumar1@email.com,55,F,Ahmedabad,2022-02-22
CUST_0002,Vihaan Malhotra,vihaan.malhotra2@email.com,54,F,Delhi,2022-06-27
CUST_0003,Ananya Kumar,ananya.kumar3@email.com,50,F,Kanpur,2022-01-07
CUST_0004,Sara Kumar,sara.kumar4@email.com,45,F,Nagpur,2022-11-22
CUST_0005,Arjun Nair,arjun.nair5@email.com,29,F,Jaipur,2022-11-12
CUST_0006,Ira Nair,ira.nair6@email.com,64,F,Jaipur,2022-06-15
CUST_0007,Aditya Gupta,aditya.gupta7@email.com,46,M,Ahmedabad,2023-01-20
CUST_0008,Navya Reddy,navya.reddy8@email.com,19,F,Visakhapatnam,2023-03-12
CUST_0009,Sai Desai,sai.desai9@email.com,31,F,Nagpur,2023-02-13
CUST_0010,Saanvi Gupta,saanvi.gupta10@email.com,56,F,Jaipur,2022-10-12
CUST_0011,Amir Kumar,amir.kumar11@email.com,33,M,Thane,2022-09-08
CUST_0012,Sara Joshi,sara.joshi12@email.com,63,M,Visakhapatnam,2022-08-18
CUST_0013,Aditya Gupta,aditya.gupta13@email.com,32,M,Indore,2022-12-21
CUST_0014,Diya Joshi,diya.joshi14@email.com,55,M,Nagpur,2022-08-31
CUST_0015,Myra Rao,myra.rao15@email.com,53,F,Kanpur,2022-06-30
CUST_0016,Aanya Gupta,aanya.gupta16@email.com,34,F,Ahmedabad,2022-03-03
CUST_0017,Saanvi Kumar,saanvi.kumar17@email.com,65,M,Kolkata,2022-04-09
CUST_0018,Sara Gupta,sara.gupta18@email.com,64,M,Lucknow,2022-02-21
CUST_0019,Diya Patel,diya.patel19@email.com,41,M,Kolkata,2022-06-04
CUST_0020,Arjun Gupta,arjun.gupta20@email.com,20,M,Delhi,2022-10-11
CUST_0021,Arjun Joshi,arjun.joshi21@email.com,49,F,Hyderabad,2023-03-23
CUST_0022,Diya Desai,diya.desai22@email.com,48,M,Bhopal,2022-06-24
CUST_0023,Vivaan Gupta,vivaan.gupta23@email.com,48,M,Hyderabad,2023-02-25
CUST_0024,Navya Desai,navya.desai24@email.com,22,M,Delhi,2022-03-19
CUST_0025,Diya Kumar,diya.kumar25@email.com,33,M,Hyderabad,2022-10-13
CUST_0026,Ayaan Malhotra,ayaan.malhotra26@email.com,51,F,Indore,2022-08-19
CUST_0027,Diya Agarwal,diya.agarwal27@email.com,55,F,Thane,2022-06-06
CUST_0028,Vihaan Malhotra,vihaan.malhotra28@email.com,31,M,Pune,2022-05-16
CUST_0029,Sai Patel,sai.patel29@email.com,29,M,Bangalore,2022-03-22
CUST_0030,Myra Desai,myra.desai30@email.com,62,M,Visakhapatnam,2022-05-30
CUST_0031,Ayaan Gupta,ayaan.gupta31@email.com,63,M,Lucknow,2022-12-26
CUST_0032,Aditya Joshi,aditya.joshi32@email.com,32,F,Jaipur,2023-02-08
CUST_0033,Myra Kumar,myra.kumar33@email.com,52,M,Ahmedabad,2022-11-28
CUST_0034,Aanya Agarwal,aanya.agarwal34@email.com,27,M,Bangalore,2022-01-31
CUST_0035,Diya Mehta,diya.mehta35@email.com,65,M,Lucknow,2022-08-13
CUST_0036,Ira Rao,ira.rao36@email.com,37,M,Indore,2023-04-28
CUST_0037,Sara Desai,sara.desai37@email.com,23,F,Delhi,2023-04-01
CUST_0038,Saanvi Mehta,saanvi.mehta38@email.com,34,F,Mumbai,2022-02-16
CUST_0039,Aarav Malhotra,aarav.malhotra39@email.com,61,M,Jaipur,2022-10-23
CUST_0040,Sai Desai,sai.desai40@email.com,51,M,Bhopal,2023-04-15
CUST_0041,Sai Mehta,sai.mehta41@email.com,45,F,Visakhapatnam,2023-05-12
CUST_0042,Sara Reddy,sara.reddy42@email.com,44,M,Kanpur,2022-06-14
CUST_0043,Sai Reddy,sai.reddy43@email.com,44,M,Visakhapatnam,2022-05-28
CUST_0044,Vivaan Desai,vivaan.desai44@email.com,23,F,Kanpur,2022-05-10
CUST_0045,Vihaan Malhotra,vihaan.malhotra45@email.com,43,F,Mumbai,2022-12-03
CUST_0046,Myra Sharma,myra.sharma46@email.com,30,F,Nagpur,2022-11-15
CUST_0047,Ira Malhotra,ira.malhotra47@email.com,21,F,Pune,2022-05-17
CUST_0048,Diya Desai,diya.desai48@email.com,62,M,Visakhapatnam,2022-03-04
CUST_0049,Ayaan Rao,ayaan.rao49@email.com,28,M,Lucknow,2022-10-10
CUST_0050,Myra Kumar,myra.kumar50@email.com,32,M,Hyderabad,2022-08-25
CUST_0051,Arjun Desai,arjun.desai51@email.com,63,M,Lucknow,2022-09-18
CUST_0052,Myra Agarwal,myra.agarwal52@email.com,48,F,Visakhapatnam,2022-05-05
CUST_0053,Arjun Nair,arjun.nair53@email.com,30,F,Chennai,2023-03-19
CUST_0054,Aanya Malhotra,aanya.malhotra54@email.com,44,M,Kanpur,2023-04-24
CUST_0055,Aarav Gupta,aarav.gupta55@email.com,64,F,Lucknow,2023-03-05
CUST_0056,Arjun Desai,arjun.desai56@email.com,52,F,Visakhapatnam,2022-06-26
CUST_0057,Navya Desai,navya.desai57@email.com,38,F,Pune,2022-12-24
CUST_0058,Navya Patel,navya.patel58@email.com,44,M,Delhi,2022-06-12
CUST_0059,Navya Nair,navya.nair59@email.com,60,F,Chennai,2022-09-11
CUST_0060,Arjun Shah,arjun.shah60@email.com,55,M,Kanpur,2023-03-22
CUST_0061,Ira Kumar,ira.kumar61@email.com,51,M,Bhopal,2022-01-08
CUST_0062,Myra Agarwal,myra.agarwal62@email.com,59,M,Chennai,2022-02-08
CUST_0063,Aanya Reddy,aanya.reddy63@email.com,57,F,Indore,2022-11-29
CUST_0064,Saanvi Agarwal,saanvi.agarwal64@email.com,61,M,Indore,2023-05-04
CUST_0065,Sara Agarwal,sara.agarwal65@email.com,52,F,Delhi,2022-11-13
CUST_0066,Ayaan Joshi,ayaan.joshi66@email.com,61,M,Lucknow,2022-04-27
CUST_0067,Myra Kumar,myra.kumar67@email.com,58,M,Hyderabad,2022-08-16
CUST_0068,Diya Iyer,diya.iyer68@email.com,19,M,Delhi,2022-06-16
CUST_0069,Diya Reddy,diya.reddy69@email.com,41,M,Thane,2022-03-16
CUST_0070,Myra Mehta,myra.mehta70@email.com,61,M,Kolkata,2022-03-29
CUST_0071,Aditya Mehta,aditya.mehta71@email.com,42,M,Ahmedabad,2022-09-12
CUST_0072,Ayaan Desai,ayaan.desai72@email.com,58,M,Jaipur,2022-08-24
CUST_0073,Aarav Iyer,aarav.iyer73@email.com,47,F,Lucknow,2022-12-13
CUST_0074,Aditya Desai,aditya.desai74@email.com,40,M,Lucknow,2022-11-24
CUST_0075,Aanya Desai,aanya.desai75@email.com,37,F,Pune,2022-07-16
CUST_0076,Vihaan Patel,vihaan.patel76@email.com,42,F,Nagpur,2022-10-22
CUST_0077,Diya Sharma,diya.sharma77@email.com,60,F,Indore,2022-05-21
CUST_0078,Vivaan Iyer,vivaan.iyer78@email.com,56,M,Visakhapatnam,2023-03-03
CUST_0079,Ayaan Mehta,ayaan.mehta79@email.com,40,F,Ahmedabad,2022-11-22
CUST_0080,Aanya Joshi,aanya.joshi80@email.com,64,M,Chennai,2022-11-18
CUST_0081,Vivaan Gupta,vivaan.gupta81@email.com,46,M,Delhi,2022-10-24
CUST_0082,Arjun Kumar,arjun.kumar82@email.com,36,F,Kanpur,2023-01-18
CUST_0083,Sai Patel,sai.patel83@email.com,26,F,Nagpur,2022-09-29
CUST_0084,Sai Gupta,sai.gupta84@email.com,48,F,Lucknow,2023-01-18
CUST_0085,Vihaan Desai,vihaan.desai85@email.com,22,F,Chennai,2023-01-22
CUST_0086,Navya Agarwal,navya.agarwal86@email.com,53,M,Nagpur,2022-02-16
CUST_0087,Aarav Gupta,aarav.gupta87@email.com,52,F,Hyderabad,2022-08-21
CUST_0088,Aanya Mehta,aanya.mehta88@email.com,42,F,Nagpur,2022-02-25
CUST_0089,Sara Sharma,sara.sharma89@email.com,57,M,Kanpur,2023-04-14
CUST_0090,Aditya Joshi,aditya.joshi90@email.com,47,M,Lucknow,2022-11-29
CUST_0091,Vihaan Singh,vihaan.singh91@email.com,20,F,Delhi,2022-06-05
CUST_0092,Vihaan Kumar,vihaan.kumar92@email.com,33,F,Chennai,2022-07-18
CUST_0093,Ananya Joshi,ananya.joshi93@email.com,65,F,Thane,2022-10-28
CUST_0094,Myra Joshi,myra.joshi94@email.com,24,M,Visakhapatnam,2022-11-12
CUST_0095,Aanya Sharma,aanya.sharma95@email.com,62,F,Nagpur,2022-04-22
CUST_0096,Ira Patel,ira.patel96@email.com,41,F,Hyderabad,2022-12-18
CUST_0097,Ananya Sharma,ananya.sharma97@email.com,43,F,Jaipur,2022-04-08
CUST_0098,Ira Kumar,ira.kumar98@email.com,60,M,Pune,2022-11-25
CUST_0099,Vivaan Malhotra,vivaan.malhotra99@email.com,39,M,Ahmedabad,2022-03-06
CUST_0100,Aditya Agarwal,aditya.agarwal100@email.com,53,M,Pune,2022-10-28
CUST_0101,Ayaan Reddy,ayaan.reddy101@email.com,27,M,Mumbai,2022-05-22
CUST_0102,Arjun Shah,arjun.shah102@email.com,34,M,Kolkata,2022-02-26
CUST_0103,Arjun Sharma,arjun.sharma103@email.com,40,M,Ahmedabad,2022-10-29
CUST_0104,Aarav Singh,aarav.singh104@email.com,34,F,Delhi,2022-03-06
CUST_0105,Vihaan Rao,vihaan.rao105@email.com,22,F,Visakhapatnam,2022-08-18
CUST_0106,Vihaan Desai,vihaan.desai106@email.com,50,F,Ahmedabad,2023-04-30
CUST_0107,Diya Desai,diya.desai107@email.com,59,M,Mumbai,2022-02-01
CUST_0108,Navya Nair,navya.nair108@email.com,61,F,Hyderabad,2022-09-09
CUST_0109,Aditya Iyer,aditya.iyer109@email.com,23,F,Kanpur,2022-11-08
CUST_0110,Aditya Singh,aditya.singh110@email.com,35,M,Kanpur,2022-07-15
CUST_0111,Ira Shah,ira.shah111@email.com,56,F,Thane,2022-02-20
CUST_0112,Amir Nair,amir.nair112@email.com,46,M,Ahmedabad,2022-07-31
CUST_0113,Ira Nair,ira.nair113@email.com,44,F,Hyderabad,2022-06-10
CUST_0114,Saanvi Joshi,saanvi.joshi114@email.com,34,F,Nagpur,2023-05-04
CUST_0115,Sara Kumar,sara.kumar115@email.com,23,M,Bangalore,2022-02-17
CUST_0116,Vihaan Rao,vihaan.rao116@email.com,65,F,Nagpur,2023-02-20
CUST_0117,Vivaan Mehta,vivaan.mehta117@email.com,53,M,Kanpur,2022-12-10
CUST_0118,Myra Reddy,myra.reddy118@email.com,60,M,Thane,2023-03-21
CUST_0119,Diya Mehta,diya.mehta119@email.com,37,M,Nagpur,2022-02-23
CUST_0120,Arjun Joshi,arjun.joshi120@email.com,48,M,Ahmedabad,2023-03-10
CUST_0121,Ananya Agarwal,ananya.agarwal121@email.com,53,M,Nagpur,2022-02-28
CUST_0122,Ayaan Malhotra,ayaan.malhotra122@email.com,45,F,Mumbai,2022-11-08
CUST_0123,Aarav Singh,aarav.singh123@email.com,35,F,Lucknow,2023-04-17
CUST_0124,Ananya Sharma,ananya.sharma124@email.com,29,F,Chennai,2022-10-17
CUST_0125,Aditya Singh,aditya.singh125@email.com,65,F,Mumbai,2022-02-16
CUST_0126,Navya Nair,navya.nair126@email.com,47,M,Kanpur,2022-03-22
CUST_0127,Diya Rao,diya.rao127@email.com,38,F,Bangalore,2023-03-29
CUST_0128,Arjun Singh,arjun.singh128@email.com,57,M,Delhi,2022-12-12
CUST_0129,Aanya Desai,aanya.desai129@email.com,60,M,Thane,2022-09-06
CUST_0130,Myra Gupta,myra.gupta130@email.com,31,F,Hyderabad,2022-06-26
CUST_0131,Vihaan Gupta,vihaan.gupta131@email.com,61,F,Visakhapatnam,2022-09-27
CUST_0132,Vivaan Patel,vivaan.patel132@email.com,43,F,Delhi,2022-01-04
CUST_0133,Diya Patel,diya.patel133@email.com,26,M,Jaipur,2022-05-29
CUST_0134,Vihaan Sharma,vihaan.sharma134@email.com,49,F,Thane,2022-03-31
CUST_0135,Navya Shah,navya.shah135@email.com,63,M,Ahmedabad,2022-09-14
CUST_0136,Aditya Nair,aditya.nair136@email.com,65,F,Delhi,2022-08-12
CUST_0137,Ira Iyer,ira.iyer137@email.com,22,M,Kanpur,2022-10-22
CUST_0138,Navya Rao,navya.rao138@email.com,58,F,Thane,2022-05-29
CUST_0139,Navya Sharma,navya.sharma139@email.com,38,M,Kolkata,2023-02-15
CUST_0140,Ananya Kumar,ananya.kumar140@email.com,45,F,Hyderabad,2022-05-05
CUST_0141,Navya Shah,navya.shah141@email.com,23,F,Indore,2023-03-22
CUST_0142,Saanvi Patel,saanvi.patel142@email.com,39,F,Kolkata,2022-02-09
CUST_0143,Amir Iyer,amir.iyer143@email.com,40,M,Nagpur,2023-01-08
CUST_0144,Ayaan Kumar,ayaan.kumar144@email.com,27,M,Jaipur,2022-04-12
CUST_0145,Arjun Malhotra,arjun.malhotra145@email.com,59,M,Bangalore,2022-04-01
CUST_0146,Ira Malhotra,ira.malhotra146@email.com,54,F,Bhopal,2022-12-15
CUST_0147,Saanvi Singh,saanvi.singh147@email.com,46,F,Bangalore,2022-08-29
CUST_0148,Diya Malhotra,diya.malhotra148@email.com,35,F,Delhi,2022-06-30
CUST_0149,Diya Desai,diya.desai149@email.com,46,M,Delhi,2022-01-30
CUST_0150,Diya Kumar,diya.kumar150@email.com,59,F,Bangalore,2022-11-11
CUST_0151,Ira Mehta,ira.mehta151@email.com,53,F,Delhi,2022-08-19
CUST_0152,Saanvi Mehta,saanvi.mehta152@email.com,48,M,Chennai,2023-05-06
CUST_0153,Ira Kumar,ira.kumar153@email.com,39,M,Bangalore,2022-09-16
CUST_0154,Vivaan Patel,vivaan.patel154@email.com,63,M,Bhopal,2022-08-13
CUST_0155,Ananya Reddy,ananya.reddy155@email.com,36,M,Indore,2022-07-29
CUST_0156,Vivaan Malhotra,vivaan.malhotra156@email.com,58,F,Kanpur,2022-02-03
CUST_0157,Vihaan Shah,vihaan.shah157@email.com,61,F,Indore,2022-05-26
CUST_0158,Arjun Reddy,arjun.reddy158@email.com,23,F,Chennai,2023-04-15
CUST_0159,Diya Joshi,diya.joshi159@email.com,62,F,Indore,2022-03-08
CUST_0160,Diya Shah,diya.shah160@email.com,42,M,Kanpur,2023-02-21
CUST_0161,Aditya Joshi,aditya.joshi161@email.com,60,M,Thane,2022-09-18
CUST_0162,Aarav Reddy,aarav.reddy162@email.com,37,F,Kolkata,2023-05-02
CUST_0163,Saanvi Malhotra,saanvi.malhotra163@email.com,49,M,Pune,2022-04-26
CUST_0164,Arjun Kumar,arjun.kumar164@email.com,36,M,Hyderabad,2022-09-17
CUST_0165,Saanvi Iyer,saanvi.iyer165@email.com,57,M,Chennai,2022-11-02
CUST_0166,Arjun Singh,arjun.singh166@email.com,29,F,Kolkata,2023-01-05
CUST_0167,Vivaan Nair,vivaan.nair167@email.com,41,F,Ahmedabad,2023-05-12
CUST_0168,Diya Malhotra,diya.malhotra168@email.com,65,F,Bhopal,2022-04-30
CUST_0169,Diya Malhotra,diya.malhotra169@email.com,48,M,Pune,2022-07-08
CUST_0170,Ira Malhotra,ira.malhotra170@email.com,36,F,Indore,2022-09-15
CUST_0171,Sai Agarwal,sai.agarwal171@email.com,30,F,Chennai,2023-03-23
CUST_0172,Vivaan Joshi,vivaan.joshi172@email.com,48,F,Nagpur,2022-10-11
CUST_0173,Vihaan Gupta,vihaan.gupta173@email.com,23,M,Kolkata,2022-05-20
CUST_0174,Arjun Agarwal,arjun.agarwal174@email.com,45,F,Bangalore,2023-04-30
CUST_0175,Ira Iyer,ira.iyer175@email.com,40,M,Mumbai,2022-08-01
CUST_0176,Navya Shah,navya.shah176@email.com,41,M,Ahmedabad,2022-07-17
CUST_0177,Ananya Patel,ananya.patel177@email.com,19,M,Kanpur,2023-04-22
CUST_0178,Saanvi Malhotra,saanvi.malhotra178@email.com,27,M,Chennai,2022-01-20
CUST_0179,Sara Rao,sara.rao179@email.com,26,F,Visakhapatnam,2022-08-18
CUST_0180,Aditya Sharma,aditya.sharma180@email.com,34,M,Pune,2023-03-04
CUST_0181,Myra Kumar,myra.kumar181@email.com,36,M,Ahmedabad,2022-06-04
CUST_0182,Vivaan Patel,vivaan.patel182@email.com,44,M,Bhopal,2022-02-02
CUST_0183,Sara Mehta,sara.mehta183@email.com,52,M,Mumbai,2022-11-20
CUST_0184,Arjun Gupta,arjun.gupta184@email.com,45,M,Mumbai,2022-11-11
CUST_0185,Ayaan Mehta,ayaan.mehta185@email.com,44,F,Kolkata,2022-12-07
CUST_0186,Ananya Kumar,ananya.kumar186@email.com,51,M,Mumbai,2022-07-19
CUST_0187,Vivaan Joshi,vivaan.joshi187@email.com,42,F,Nagpur,2022-05-10
CUST_0188,Ananya Malhotra,ananya.malhotra188@email.com,22,M,Nagpur,2022-05-04
CUST_0189,Saanvi Singh,saanvi.singh189@email.com,20,M,Nagpur,2022-10-07
CUST_0190,Sai Agarwal,sai.agarwal190@email.com,61,F,Bhopal,2022-12-23
CUST_0191,Sai Malhotra,sai.malhotra191@email.com,26,F,Bangalore,2023-01-02
CUST_0192,Vivaan Gupta,vivaan.gupta192@email.com,30,F,Delhi,2023-02-10
CUST_0193,Vivaan Reddy,vivaan.reddy193@email.com,37,M,Indore,2023-02-22
CUST_0194,Aanya Sharma,aanya.sharma194@email.com,59,F,Pune,2022-05-27
CUST_0195,Vivaan Agarwal,vivaan.agarwal195@email.com,59,F,Kanpur,2022-05-20
CUST_0196,Ananya Nair,ananya.nair196@email.com,43,M,Bhopal,2023-04-04
CUST_0197,Saanvi Singh,saanvi.singh197@email.com,49,F,Visakhapatnam,2022-07-08
CUST_0198,Aditya Rao,aditya.rao198@email.com,45,F,Bangalore,2022-08-09
CUST_0199,Diya Reddy,diya.reddy199@email.com,24,M,Bangalore,2022-06-17
CUST_0200,Diya Desai,diya.desai200@email.com,56,F,Thane,2022-03-27
CUST_0201,Ananya Desai,ananya.desai201@email.com,20,F,Nagpur,2022-11-11
CUST_0202,Aanya Joshi,aanya.joshi202@email.com,21,F,Bangalore,2022-12-10
CUST_0203,Ananya Shah,ananya.shah203@email.com,65,F,Kolkata,2023-05-03
CUST_0204,Arjun Agarwal,arjun.agarwal204@email.com,56,M,Bhopal,2022-01-18
CUST_0205,Aditya Patel,aditya.patel205@email.com,59,M,Nagpur,2022-07-05
CUST_0206,Vivaan Mehta,vivaan.mehta206@email.com,27,F,Bhopal,2023-05-01
CUST_0207,Ananya Desai,ananya.desai207@email.com,22,F,Chennai,2022-09-29
CUST_0208,Navya Reddy,navya.reddy208@email.com,59,F,Jaipur,2022-05-08
CUST_0209,Aarav Rao,aarav.rao209@email.com,29,M,Visakhapatnam,2022-09-23
CUST_0210,Vihaan Gupta,vihaan.gupta210@email.com,34,F,Bhopal,2022-04-20
CUST_0211,Sara Patel,sara.patel211@email.com,25,F,Chennai,2023-03-13
CUST_0212,Ira Singh,ira.singh212@email.com,63,M,Bhopal,2022-02-14
CUST_0213,Ananya Rao,ananya.rao213@email.com,22,F,Lucknow,2023-04-02
CUST_0214,Sai Rao,sai.rao214@email.com,63,F,Kolkata,2023-02-11
CUST_0215,Ayaan Kumar,ayaan.kumar215@email.com,30,F,Chennai,2022-05-02
CUST_0216,Aarav Reddy,aarav.reddy216@email.com,53,F,Nagpur,2022-08-28
CUST_0217,Aditya Kumar,aditya.kumar217@email.com,37,M,Indore,2023-01-03
CUST_0218,Myra Malhotra,myra.malhotra218@email.com,44,F,Bangalore,2022-03-06
CUST_0219,Aditya Desai,aditya.desai219@email.com,47,F,Nagpur,2022-03-07
CUST_0220,Arjun Nair,arjun.nair220@email.com,50,M,Delhi,2023-03-02
CUST_0221,Arjun Gupta,arjun.gupta221@email.com,28,M,Kolkata,2022-06-15
CUST_0222,Ananya Shah,ananya.shah222@email.com,36,M,Bangalore,2022-05-09
CUST_0223,Aanya Singh,aanya.singh223@email.com,58,M,Lucknow,2022-11-11
CUST_0224,Sai Mehta,sai.mehta224@email.com,55,M,Chennai,2022-03-29
CUST_0225,Vivaan Agarwal,vivaan.agarwal225@email.com,19,F,Bangalore,2022-01-24
CUST_0226,Amir Malhotra,amir.malhotra226@email.com,54,F,Thane,2022-11-13
CUST_0227,Sara Iyer,sara.iyer227@email.com,58,M,Lucknow,2022-11-25
CUST_0228,Sara Patel,sara.patel228@email.com,61,F,Indore,2022-06-02
CUST_0229,Aditya Rao,aditya.rao229@email.com,21,F,Kolkata,2022-08-14
CUST_0230,Sara Desai,sara.desai230@email.com,31,F,Kanpur,2022-11-07
CUST_0231,Saanvi Agarwal,saanvi.agarwal231@email.com,63,M,Kanpur,2023-01-11
CUST_0232,Navya Singh,navya.singh232@email.com,41,F,Hyderabad,2022-06-13
CUST_0233,Ira Kumar,ira.kumar233@email.com,35,M,Bhopal,2022-05-07
CUST_0234,Vihaan Sharma,vihaan.sharma234@email.com,36,M,Indore,2023-03-19
CUST_0235,Ayaan Agarwal,ayaan.agarwal235@email.com,28,F,Kanpur,2023-04-24
CUST_0236,Amir Malhotra,amir.malhotra236@email.com,28,F,Visakhapatnam,2022-09-21
CUST_0237,Sara Iyer,sara.iyer237@email.com,37,F,Visakhapatnam,2022-01-12
CUST_0238,Navya Shah,navya.shah238@email.com,47,M,Ahmedabad,2022-04-21
CUST_0239,Vivaan Sharma,vivaan.sharma239@email.com,36,F,Visakhapatnam,2022-11-02
CUST_0240,Diya Shah,diya.shah240@email.com,18,F,Hyderabad,2022-08-09
CUST_0241,Aanya Rao,aanya.rao241@email.com,41,M,Indore,2022-07-07
CUST_0242,Navya Sharma,navya.sharma242@email.com,54,M,Pune,2022-07-05
CUST_0243,Aditya Nair,aditya.nair243@email.com,50,F,Bhopal,2023-01-27
CUST_0244,Vihaan Singh,vihaan.singh244@email.com,24,F,Indore,2022-07-11
CUST_0245,Ananya Malhotra,ananya.malhotra245@email.com,27,F,Pune,2022-11-05
CUST_0246,Vivaan Sharma,vivaan.sharma246@email.com,20,F,Chennai,2023-01-01
CUST_0247,Sara Shah,sara.shah247@email.com,47,F,Chennai,2022-11-07
CUST_0248,Saanvi Iyer,saanvi.iyer248@email.com,57,M,Kanpur,2022-03-25
CUST_0249,Diya Mehta,diya.mehta249@email.com,39,F,Visakhapatnam,2022-12-29
CUST_0250,Sara Agarwal,sara.agarwal250@email.com,19,F,Nagpur,2022-06-19
CUST_0251,Myra Mehta,myra.mehta251@email.com,37,M,Mumbai,2022-11-02
CUST_0252,Aanya Joshi,aanya.joshi252@email.com,55,F,Ahmedabad,2023-01-05
CUST_0253,Sara Singh,sara.singh253@email.com,51,M,Indore,2022-03-17
CUST_0254,Vivaan Mehta,vivaan.mehta254@email.com,62,M,Hyderabad,2022-04-08
CUST_0255,Ira Reddy,ira.reddy255@email.com,44,M,Chennai,2022-07-31
CUST_0256,Myra Shah,myra.shah256@email.com,57,M,Visakhapatnam,2023-03-23
CUST_0257,Arjun Shah,arjun.shah257@email.com,31,M,Kanpur,2022-12-06
CUST_0258,Navya Reddy,navya.reddy258@email.com,29,F,Bhopal,2023-04-13
CUST_0259,Ananya Joshi,ananya.joshi259@email.com,64,F,Jaipur,2022-11-09
CUST_0260,Amir Patel,amir.patel260@email.com,35,F,Lucknow,2022-04-26
CUST_0261,Diya Rao,diya.rao261@email.com,31,F,Visakhapatnam,2022-06-12
CUST_0262,Ananya Shah,ananya.shah262@email.com,64,F,Jaipur,2022-05-28
CUST_0263,Navya Iyer,navya.iyer263@email.com,43,M,Nagpur,2023-05-04
CUST_0264,Diya Sharma,diya.sharma264@email.com,36,M,Bangalore,2022-06-27
CUST_0265,Aanya Rao,aanya.rao265@email.com,48,F,Pune,2022-04-14
CUST_0266,Aanya Singh,aanya.singh266@email.com,24,F,Ahmedabad,2022-05-05
CUST_0267,Ayaan Joshi,ayaan.joshi267@email.com,32,M,Delhi,2022-02-21
CUST_0268,Saanvi Rao,saanvi.rao268@email.com,48,F,Hyderabad,2022-12-15
CUST_0269,Aarav Shah,aarav.shah269@email.com,28,M,Thane,2022-12-01
CUST_0270,Sara Joshi,sara.joshi270@email.com,30,F,Lucknow,2022-06-14
CUST_0271,Vivaan Iyer,vivaan.iyer271@email.com,23,F,Ahmedabad,2022-10-01
CUST_0272,Sai Nair,sai.nair272@email.com,29,M,Delhi,2023-03-05
CUST_0273,Sara Singh,sara.singh273@email.com,65,F,Lucknow,2023-03-25
CUST_0274,Aarav Gupta,aarav.gupta274@email.com,54,M,Hyderabad,2023-04-21
CUST_0275,Diya Desai,diya.desai275@email.com,59,F,Visakhapatnam,2023-04-01
CUST_0276,Ira Gupta,ira.gupta276@email.com,30,M,Hyderabad,2022-06-19
CUST_0277,Ira Joshi,ira.joshi277@email.com,34,M,Kolkata,2022-01-08
CUST_0278,Diya Mehta,diya.mehta278@email.com,61,F,Pune,2022-03-31
CUST_0279,Myra Shah,myra.shah279@email.com,38,F,Bangalore,2022-07-25
CUST_0280,Sai Singh,sai.singh280@email.com,48,M,Kanpur,2023-04-25
CUST_0281,Aarav Gupta,aarav.gupta281@email.com,42,M,Ahmedabad,2022-08-17
CUST_0282,Saanvi Gupta,saanvi.gupta282@email.com,55,F,Mumbai,2022-05-14
CUST_0283,Ayaan Sharma,ayaan.sharma283@email.com,60,F,Hyderabad,2022-08-27
CUST_0284,Sai Nair,sai.nair284@email.com,61,F,Lucknow,2022-12-20
CUST_0285,Diya Reddy,diya.reddy285@email.com,57,M,Ahmedabad,2022-04-23
CUST_0286,Sara Singh,sara.singh286@email.com,47,M,Nagpur,2022-08-01
CUST_0287,Amir Malhotra,amir.malhotra287@email.com,33,F,Bangalore,2022-09-27
CUST_0288,Ananya Kumar,ananya.kumar288@email.com,54,F,Hyderabad,2022-02-01
CUST_0289,Arjun Singh,arjun.singh289@email.com,38,M,Bhopal,2022-03-01
CUST_0290,Sara Kumar,sara.kumar290@email.com,50,M,Bhopal,2023-02-19
CUST_0291,Ira Singh,ira.singh291@email.com,50,M,Thane,2022-08-22
CUST_0292,Ira Joshi,ira.joshi292@email.com,37,M,Mumbai,2022-07-22
CUST_0293,Aarav Rao,aarav.rao293@email.com,31,F,Bangalore,2022-01-24
CUST_0294,Ananya Rao,ananya.rao294@email.com,22,F,Delhi,2023-04-24
CUST_0295,Sara Sharma,sara.sharma295@email.com,36,M,Thane,2022-04-03
CUST_0296,Myra Reddy,myra.reddy296@email.com,42,M,Bhopal,2023-03-22
CUST_0297,Navya Kumar,navya.kumar297@email.com,61,F,Chennai,2022-12-01
CUST_0298,Vihaan Singh,vihaan.singh298@email.com,52,F,Indore,2022-09-28
CUST_0299,Ayaan Agarwal,ayaan.agarwal299@email.com,18,M,Mumbai,2023-05-16
CUST_0300,Ira Joshi,ira.joshi300@email.com,64,F,Thane,2022-09-30
CUST_0301,Ayaan Patel,ayaan.patel301@email.com,47,F,Nagpur,2022-03-21
CUST_0302,Amir Iyer,amir.iyer302@email.com,64,F,Hyderabad,2022-01-17
CUST_0303,Aarav Patel,aarav.patel303@email.com,31,F,Bangalore,2022-02-21
CUST_0304,Ira Mehta,ira.mehta304@email.com,61,M,Delhi,2022-05-06
CUST_0305,Navya Desai,navya.desai305@email.com,32,M,Pune,2023-01-22
CUST_0306,Arjun Shah,arjun.shah306@email.com,36,M,Ahmedabad,2023-02-22
CUST_0307,Saanvi Patel,saanvi.patel307@email.com,37,F,Chennai,2022-12-05
CUST_0308,Myra Gupta,myra.gupta308@email.com,35,M,Delhi,2022-10-13
CUST_0309,Myra Shah,myra.shah309@email.com,49,M,Delhi,2023-05-13
CUST_0310,Navya Malhotra,navya.malhotra310@email.com,51,F,Kanpur,2022-12-23
CUST_0311,Myra Singh,myra.singh311@email.com,37,F,Indore,2022-04-05
CUST_0312,Ayaan Agarwal,ayaan.agarwal312@email.com,32,F,Lucknow,2023-03-16
CUST_0313,Ira Iyer,ira.iyer313@email.com,21,M,Thane,2023-05-11
CUST_0314,Arjun Nair,arjun.nair314@email.com,33,F,Jaipur,2022-04-15
CUST_0315,Aditya Iyer,aditya.iyer315@email.com,46,F,Nagpur,2022-02-17
CUST_0316,Vivaan Gupta,vivaan.gupta316@email.com,42,M,Delhi,2023-03-24
CUST_0317,Amir Malhotra,amir.malhotra317@email.com,55,M,Pune,2022-09-03
CUST_0318,Saanvi Gupta,saanvi.gupta318@email.com,18,M,Pune,2023-04-25
CUST_0319,Vihaan Rao,vihaan.rao319@email.com,48,M,Ahmedabad,2022-12-23
CUST_0320,Navya Iyer,navya.iyer320@email.com,33,M,Kanpur,2023-02-02
CUST_0321,Navya Desai,navya.desai321@email.com,52,F,Nagpur,2022-06-07
CUST_0322,Ananya Shah,ananya.shah322@email.com,49,F,Bhopal,2022-02-20
CUST_0323,Saanvi Iyer,saanvi.iyer323@email.com,31,F,Nagpur,2022-06-10
CUST_0324,Vivaan Mehta,vivaan.mehta324@email.com,32,F,Chennai,2022-01-09
CUST_0325,Myra Gupta,myra.gupta325@email.com,27,F,Pune,2022-06-18
CUST_0326,Navya Mehta,navya.mehta326@email.com,33,M,Visakhapatnam,2022-10-09
CUST_0327,Aanya Malhotra,aanya.malhotra327@email.com,49,F,Visakhapatnam,2022-08-24
CUST_0328,Ananya Singh,ananya.singh328@email.com,26,M,Visakhapatnam,2022-04-05
CUST_0329,Vivaan Agarwal,vivaan.agarwal329@email.com,22,M,Delhi,2023-01-27
CUST_0330,Myra Singh,myra.singh330@email.com,58,M,Ahmedabad,2022-02-04
CUST_0331,Aarav Patel,aarav.patel331@email.com,50,M,Bhopal,2022-07-11
CUST_0332,Sara Joshi,sara.joshi332@email.com,49,M,Mumbai,2022-01-04
CUST_0333,Aarav Sharma,aarav.sharma333@email.com,51,F,Jaipur,2022-10-02
CUST_0334,Aarav Shah,aarav.shah334@email.com,62,F,Thane,2023-02-17
CUST_0335,Vihaan Iyer,vihaan.iyer335@email.com,24,M,Chennai,2022-05-04
CUST_0336,Aanya Agarwal,aanya.agarwal336@email.com,40,M,Jaipur,2023-02-12
CUST_0337,Aditya Reddy,aditya.reddy337@email.com,43,F,Bhopal,2022-10-17
CUST_0338,Ayaan Gupta,ayaan.gupta338@email.com,61,M,Bangalore,2022-12-01
CUST_0339,Aditya Nair,aditya.nair339@email.com,42,M,Indore,2022-10-10
CUST_0340,Vivaan Joshi,vivaan.joshi340@email.com,18,F,Kolkata,2022-02-12
CUST_0341,Myra Joshi,myra.joshi341@email.com,39,F,Hyderabad,2023-04-04
CUST_0342,Ayaan Patel,ayaan.patel342@email.com,62,M,Visakhapatnam,2022-05-19
CUST_0343,Aditya Joshi,aditya.joshi343@email.com,35,M,Delhi,2022-04-02
CUST_0344,Aarav Patel,aarav.patel344@email.com,55,F,Chennai,2023-01-21
CUST_0345,Aditya Gupta,aditya.gupta345@email.com,28,F,Ahmedabad,2022-10-18
CUST_0346,Saanvi Nair,saanvi.nair346@email.com,65,F,Chennai,2023-02-09
CUST_0347,Ananya Sharma,ananya.sharma347@email.com,24,M,Thane,2022-04-29
CUST_0348,Saanvi Mehta,saanvi.mehta348@email.com,57,M,Indore,2023-05-12
CUST_0349,Aarav Joshi,aarav.joshi349@email.com,35,F,Bhopal,2022-09-09
CUST_0350,Ananya Shah,ananya.shah350@email.com,42,M,Thane,2022-04-06
CUST_0351,Aditya Malhotra,aditya.malhotra351@email.com,57,F,Lucknow,2023-02-13
CUST_0352,Aditya Kumar,aditya.kumar352@email.com,35,M,Chennai,2022-07-14
CUST_0353,Navya Reddy,navya.reddy353@email.com,41,M,Hyderabad,2022-02-16
CUST_0354,Diya Desai,diya.desai354@email.com,41,M,Jaipur,2022-02-22
CUST_0355,Aditya Singh,aditya.singh355@email.com,45,M,Bhopal,2022-10-13
CUST_0356,Vihaan Sharma,vihaan.sharma356@email.com,23,F,Nagpur,2022-10-11
CUST_0357,Saanvi Agarwal,saanvi.agarwal357@email.com,42,M,Mumbai,2022-05-30
CUST_0358,Navya Malhotra,navya.malhotra358@email.com,23,F,Ahmedabad,2022-10-20
CUST_0359,Navya Singh,navya.singh359@email.com,26,M,Jaipur,2022-06-04
CUST_0360,Sara Singh,sara.singh360@email.com,22,F,Kolkata,2022-08-11
CUST_0361,Myra Gupta,myra.gupta361@email.com,48,F,Bangalore,2022-07-04
CUST_0362,Ayaan Rao,ayaan.rao362@email.com,58,F,Visakhapatnam,2022-11-01
CUST_0363,Ira Kumar,ira.kumar363@email.com,26,M,Lucknow,2022-01-04
CUST_0364,Saanvi Agarwal,saanvi.agarwal364@email.com,57,F,Indore,2023-02-16
CUST_0365,Ira Reddy,ira.reddy365@email.com,45,F,Chennai,2022-06-03
CUST_0366,Amir Desai,amir.desai366@email.com,38,F,Kolkata,2023-05-09
CUST_0367,Saanvi Gupta,saanvi.gupta367@email.com,65,F,Visakhapatnam,2023-05-11
CUST_0368,Saanvi Nair,saanvi.nair368@email.com,35,M,Indore,2022-07-06
CUST_0369,Amir Mehta,amir.mehta369@email.com,52,M,Kolkata,2022-12-16
CUST_0370,Ira Rao,ira.rao370@email.com,31,M,Bhopal,2023-02-13
CUST_0371,Aditya Agarwal,aditya.agarwal371@email.com,44,F,Visakhapatnam,2022-03-13
CUST_0372,Ayaan Gupta,ayaan.gupta372@email.com,60,F,Chennai,2023-01-02
CUST_0373,Navya Kumar,navya.kumar373@email.com,46,F,Visakhapatnam,2022-10-26
CUST_0374,Myra Shah,myra.shah374@email.com,20,F,Nagpur,2022-12-26
CUST_0375,Vihaan Malhotra,vihaan.malhotra375@email.com,33,M,Nagpur,2022-03-27
CUST_0376,Navya Malhotra,navya.malhotra376@email.com,39,M,Thane,2022-02-24
CUST_0377,Vihaan Gupta,vihaan.gupta377@email.com,32,M,Ahmedabad,2022-08-17
CUST_0378,Navya Desai,navya.desai378@email.com,61,F,Chennai,2022-06-26
CUST_0379,Sara Kumar,sara.kumar379@email.com,36,M,Thane,2023-04-17
CUST_0380,Vihaan Agarwal,vihaan.agarwal380@email.com,64,M,Chennai,2022-06-28
CUST_0381,Saanvi Desai,saanvi.desai381@email.com,31,F,Visakhapatnam,2022-06-28
CUST_0382,Vihaan Desai,vihaan.desai382@email.com,64,F,Bhopal,2022-06-13
CUST_0383,Diya Sharma,diya.sharma383@email.com,63,M,Hyderabad,2022-01-12
CUST_0384,Vihaan Joshi,vihaan.joshi384@email.com,28,F,Ahmedabad,2022-09-22
CUST_0385,Sai Reddy,sai.reddy385@email.com,53,M,Thane,2023-05-06
CUST_0386,Ayaan Malhotra,ayaan.malhotra386@email.com,43,F,Kolkata,2022-04-06
CUST_0387,Navya Sharma,navya.sharma387@email.com,65,F,Pune,2022-08-19
CUST_0388,Navya Sharma,navya.sharma388@email.com,63,F,Pune,2022-04-16
CUST_0389,Aditya Mehta,aditya.mehta389@email.com,24,F,Kolkata,2022-07-07
CUST_0390,Amir Desai,amir.desai390@email.com,25,F,Jaipur,2022-12-10
CUST_0391,Saanvi Mehta,saanvi.mehta391@email.com,42,F,Indore,2022-10-28
CUST_0392,Ananya Reddy,ananya.reddy392@email.com,47,M,Kolkata,2023-02-21
CUST_0393,Aditya Joshi,aditya.joshi393@email.com,26,F,Kanpur,2022-03-02
CUST_0394,Diya Kumar,diya.kumar394@email.com,29,M,Nagpur,2022-12-22
CUST_0395,Navya Nair,navya.nair395@email.com,56,M,Chennai,2022-10-22
CUST_0396,Myra Singh,myra.singh396@email.com,49,F,Kolkata,2022-10-12
CUST_0397,Sara Gupta,sara.gupta397@email.com,26,M,Kolkata,2022-06-11
CUST_0398,Vivaan Agarwal,vivaan.agarwal398@email.com,40,F,Mumbai,2022-09-06
CUST_0399,Amir Agarwal,amir.agarwal399@email.com,42,M,Visakhapatnam,2022-07-29
CUST_0400,Myra Rao,myra.rao400@email.com,46,F,Visakhapatnam,2022-03-27
CUST_0401,Aarav Malhotra,aarav.malhotra401@email.com,32,M,Lucknow,2022-01-17
CUST_0402,Ayaan Shah,ayaan.shah402@email.com,36,F,Kolkata,2023-02-04
CUST_0403,Sara Shah,sara.shah403@email.com,50,F,Hyderabad,2022-10-21
CUST_0404,Aanya Malhotra,aanya.malhotra404@email.com,52,M,Nagpur,2022-10-05
CUST_0405,Ira Shah,ira.shah405@email.com,31,M,Thane,2022-02-22
CUST_0406,Diya Agarwal,diya.agarwal406@email.com,20,M,Bhopal,2022-05-15
CUST_0407,Aditya Desai,aditya.desai407@email.com,25,F,Ahmedabad,2022-04-18
CUST_0408,Myra Singh,myra.singh408@email.com,57,F,Chennai,2023-02-06
CUST_0409,Amir Malhotra,amir.malhotra409@email.com,21,M,Nagpur,2022-09-30
CUST_0410,Sai Reddy,sai.reddy410@email.com,63,F,Lucknow,2022-05-29
CUST_0411,Vihaan Singh,vihaan.singh411@email.com,44,F,Delhi,2022-05-22
CUST_0412,Arjun Patel,arjun.patel412@email.com,27,M,Kanpur,2023-03-01
CUST_0413,Navya Desai,navya.desai413@email.com,27,M,Jaipur,2022-11-18
CUST_0414,Navya Desai,navya.desai414@email.com,22,F,Bangalore,2022-07-26
CUST_0415,Ananya Desai,ananya.desai415@email.com,49,F,Kanpur,2022-10-25
CUST_0416,Aditya Rao,aditya.rao416@email.com,47,M,Nagpur,2023-03-12
CUST_0417,Navya Patel,navya.patel417@email.com,45,M,Pune,2022-09-11
CUST_0418,Saanvi Agarwal,saanvi.agarwal418@email.com,36,F,Kanpur,2022-10-08
CUST_0419,Sara Malhotra,sara.malhotra419@email.com,39,M,Delhi,2022-01-24
CUST_0420,Ira Sharma,ira.sharma420@email.com,25,M,Kolkata,2022-08-14
CUST_0421,Aarav Nair,aarav.nair421@email.com,30,F,Chennai,2023-03-28
CUST_0422,Sai Agarwal,sai.agarwal422@email.com,35,F,Bangalore,2022-12-02
CUST_0423,Aanya Kumar,aanya.kumar423@email.com,41,F,Kolkata,2022-01-27
CUST_0424,Diya Rao,diya.rao424@email.com,62,F,Ahmedabad,2022-08-08
CUST_0425,Vihaan Sharma,vihaan.sharma425@email.com,31,M,Visakhapatnam,2022-02-09
CUST_0426,Ayaan Shah,ayaan.shah426@email.com,61,M,Bhopal,2022-01-05
CUST_0427,Saanvi Agarwal,saanvi.agarwal427@email.com,25,M,Thane,2022-12-22
CUST_0428,Sara Kumar,sara.kumar428@email.com,32,M,Indore,2022-02-15
CUST_0429,Vihaan Reddy,vihaan.reddy429@email.com,41,M,Lucknow,2022-03-12
CUST_0430,Arjun Joshi,arjun.joshi430@email.com,61,F,Chennai,2022-02-05
CUST_0431,Sai Desai,sai.desai431@email.com,40,M,Pune,2022-11-18
CUST_0432,Myra Mehta,myra.mehta432@email.com,61,M,Bhopal,2023-03-17
CUST_0433,Aditya Iyer,aditya.iyer433@email.com,24,M,Chennai,2023-01-21
CUST_0434,Navya Reddy,navya.reddy434@email.com,45,M,Kanpur,2023-02-10
CUST_0435,Ayaan Gupta,ayaan.gupta435@email.com,59,M,Bangalore,2022-05-08
CUST_0436,Aarav Agarwal,aarav.agarwal436@email.com,60,F,Lucknow,2022-04-16
CUST_0437,Navya Gupta,navya.gupta437@email.com,59,M,Delhi,2023-02-06
CUST_0438,Sara Nair,sara.nair438@email.com,25,M,Ahmedabad,2022-09-13
CUST_0439,Aarav Reddy,aarav.reddy439@email.com,38,M,Chennai,2022-07-18
CUST_0440,Ananya Shah,ananya.shah440@email.com,61,F,Kolkata,2023-01-26
CUST_0441,Aditya Sharma,aditya.sharma441@email.com,55,F,Bangalore,2022-01-08
CUST_0442,Amir Sharma,amir.sharma442@email.com,21,F,Indore,2022-09-17
CUST_0443,Myra Nair,myra.nair443@email.com,62,F,Indore,2022-02-12
CUST_0444,Aanya Kumar,aanya.kumar444@email.com,37,M,Bangalore,2022-09-19
CUST_0445,Arjun Shah,arjun.shah445@email.com,38,M,Indore,2022-10-28
CUST_0446,Diya Rao,diya.rao446@email.com,45,M,Ahmedabad,2022-01-30
CUST_0447,Aditya Iyer,aditya.iyer447@email.com,45,M,Hyderabad,2022-08-21
CUST_0448,Diya Joshi,diya.joshi448@email.com,65,M,Kolkata,2022-03-03
CUST_0449,Arjun Rao,arjun.rao449@email.com,18,M,Kolkata,2022-09-12
CUST_0450,Aanya Singh,aanya.singh450@email.com,41,F,Chennai,2023-01-19
CUST_0451,Vihaan Malhotra,vihaan.malhotra451@email.com,19,F,Kanpur,2023-02-18
CUST_0452,Aanya Shah,aanya.shah452@email.com,22,F,Jaipur,2022-12-31
CUST_0453,Sara Desai,sara.desai453@email.com,50,M,Nagpur,2022-01-29
CUST_0454,Sai Reddy,sai.reddy454@email.com,28,F,Jaipur,2023-01-31
CUST_0455,Vihaan Patel,vihaan.patel455@email.com,65,M,Mumbai,2022-01-23
CUST_0456,Ayaan Sharma,ayaan.sharma456@email.com,48,M,Nagpur,2022-07-16
CUST_0457,Sai Iyer,sai.iyer457@email.com,20,M,Thane,2022-04-25
CUST_0458,Ayaan Nair,ayaan.nair458@email.com,64,F,Kanpur,2022-05-19
CUST_0459,Ananya Kumar,ananya.kumar459@email.com,50,M,Delhi,2022-04-02
CUST_0460,Vivaan Nair,vivaan.nair460@email.com,22,M,Bhopal,2023-03-20
CUST_0461,Diya Reddy,diya.reddy461@email.com,23,F,Bhopal,2022-01-05
CUST_0462,Amir Gupta,amir.gupta462@email.com,54,F,Lucknow,2023-01-14
CUST_0463,Ira Reddy,ira.reddy463@email.com,55,M,Visakhapatnam,2023-01-31
CUST_0464,Ayaan Singh,ayaan.singh464@email.com,18,M,Thane,2022-01-13
CUST_0465,Ananya Joshi,ananya.joshi465@email.com,62,M,Mumbai,2023-05-02
CUST_0466,Aarav Malhotra,aarav.malhotra466@email.com,60,F,Indore,2023-03-11
CUST_0467,Vihaan Patel,vihaan.patel467@email.com,51,F,Ahmedabad,2022-08-03
CUST_0468,Vivaan Singh,vivaan.singh468@email.com,63,F,Jaipur,2022-02-17
CUST_0469,Ayaan Iyer,ayaan.iyer469@email.com,51,M,Thane,2022-12-25
CUST_0470,Ira Rao,ira.rao470@email.com,23,F,Hyderabad,2022-09-16
CUST_0471,Navya Kumar,navya.kumar471@email.com,55,M,Delhi,2022-08-11
CUST_0472,Ayaan Gupta,ayaan.gupta472@email.com,34,M,Kanpur,2023-04-20
CUST_0473,Saanvi Reddy,saanvi.reddy473@email.com,46,F,Jaipur,2022-04-30
CUST_0474,Amir Singh,amir.singh474@email.com,55,M,Hyderabad,2022-03-21
CUST_0475,Sai Desai,sai.desai475@email.com,47,M,Kanpur,2022-07-28
CUST_0476,Ananya Malhotra,ananya.malhotra476@email.com,31,M,Bhopal,2022-06-07
CUST_0477,Aanya Agarwal,aanya.agarwal477@email.com,25,F,Bangalore,2022-03-22
CUST_0478,Vivaan Patel,vivaan.patel478@email.com,38,F,Chennai,2022-02-16
CUST_0479,Ananya Nair,ananya.nair479@email.com,50,M,Delhi,2022-12-13
CUST_0480,Aanya Agarwal,aanya.agarwal480@email.com,29,F,Mumbai,2023-05-03
CUST_0481,Ira Shah,ira.shah481@email.com,65,F,Ahmedabad,2022-02-18
CUST_0482,Vihaan Malhotra,vihaan.malhotra482@email.com,26,F,Hyderabad,2022-01-07
CUST_0483,Ayaan Singh,ayaan.singh483@email.com,30,M,Indore,2022-07-10
CUST_0484,Aanya Iyer,aanya.iyer484@email.com,22,M,Mumbai,2022-02-03
CUST_0485,Ira Malhotra,ira.malhotra485@email.com,26,M,Bangalore,2023-04-09
CUST_0486,Vihaan Sharma,vihaan.sharma486@email.com,47,F,Delhi,2022-03-28
CUST_0487,Navya Desai,navya.desai487@email.com,19,F,Indore,2022-12-16
CUST_0488,Sai Reddy,sai.reddy488@email.com,31,F,Kolkata,2022-05-21
CUST_0489,Ira Iyer,ira.iyer489@email.com,27,F,Delhi,2022-11-11
CUST_0490,Diya Desai,diya.desai490@email.com,44,M,Visakhapatnam,2022-02-01
CUST_0491,Aanya Nair,aanya.nair491@email.com,26,M,Thane,2022-04-13
CUST_0492,Aarav Nair,aarav.nair492@email.com,63,M,Nagpur,2022-09-03
CUST_0493,Ananya Iyer,ananya.iyer493@email.com,54,F,Kanpur,2022-07-18
CUST_0494,Sai Sharma,sai.sharma494@email.com,38,F,Ahmedabad,2022-01-16
CUST_0495,Vivaan Malhotra,vivaan.malhotra495@email.com,48,F,Nagpur,2023-01-28
CUST_0496,Sai Kumar,sai.kumar496@email.com,33,M,Ahmedabad,2022-05-17
CUST_0497,Ayaan Mehta,ayaan.mehta497@email.com,42,M,Nagpur,2023-04-24
CUST_0498,Sai Patel,sai.patel498@email.com,55,M,Kanpur,2023-02-17
CUST_0499,Aarav Rao,aarav.rao499@email.com,62,F,Nagpur,2023-05-01
CUST_0500,Amir Agarwal,amir.agarwal500@email.com,49,M,Lucknow,2022-03-31
CUST_0501,Vivaan Kumar,vivaan.kumar501@email.com,21,F,Ahmedabad,2022-11-05
CUST_0502,Aarav Shah,aarav.shah502@email.com,48,M,Mumbai,2022-06-19
CUST_0503,Arjun Reddy,arjun.reddy503@email.com,63,M,Kolkata,2023-04-16
CUST_0504,Vivaan Sharma,vivaan.sharma504@email.com,27,F,Chennai,2023-02-01
CUST_0505,Ananya Kumar,ananya.kumar505@email.com,41,M,Indore,2022-10-28
CUST_0506,Saanvi Gupta,saanvi.gupta506@email.com,38,M,Chennai,2023-05-15
CUST_0507,Myra Malhotra,myra.malhotra507@email.com,58,M,Visakhapatnam,2022-11-29
CUST_0508,Sai Rao,sai.rao508@email.com,53,F,Nagpur,2022-04-25
CUST_0509,Navya Gupta,navya.gupta509@email.com,64,M,Lucknow,2022-03-07
CUST_0510,Aarav Rao,aarav.rao510@email.com,54,M,Indore,2023-03-12
CUST_0511,Sai Mehta,sai.mehta511@email.com,38,M,Ahmedabad,2022-11-24
CUST_0512,Sara Singh,sara.singh512@email.com,39,M,Bangalore,2022-05-02
CUST_0513,Saanvi Singh,saanvi.singh513@email.com,58,F,Bangalore,2023-02-25
CUST_0514,Ira Sharma,ira.sharma514@email.com,34,F,Pune,2022-05-08
CUST_0515,Ananya Gupta,ananya.gupta515@email.com,24,M,Mumbai,2022-01-25
CUST_0516,Ira Rao,ira.rao516@email.com,44,F,Kolkata,2023-03-29
CUST_0517,Sara Iyer,sara.iyer517@email.com,42,F,Nagpur,2022-10-07
CUST_0518,Vihaan Agarwal,vihaan.agarwal518@email.com,48,F,Ahmedabad,2022-03-25
CUST_0519,Aditya Malhotra,aditya.malhotra519@email.com,20,F,Lucknow,2022-01-11
CUST_0520,Aanya Kumar,aanya.kumar520@email.com,22,F,Kanpur,2022-03-29
CUST_0521,Sai Rao,sai.rao521@email.com,22,F,Bangalore,2022-06-23
CUST_0522,Aarav Nair,aarav.nair522@email.com,59,F,Kolkata,2022-11-07
CUST_0523,Sai Sharma,sai.sharma523@email.com,24,F,Kanpur,2022-04-16
CUST_0524,Myra Rao,myra.rao524@email.com,53,M,Jaipur,2022-12-05
CUST_0525,Diya Patel,diya.patel525@email.com,24,F,Delhi,2022-07-21
CUST_0526,Arjun Sharma,arjun.sharma526@email.com,41,F,Mumbai,2022-08-07
CUST_0527,Diya Agarwal,diya.agarwal527@email.com,60,M,Visakhapatnam,2022-04-13
CUST_0528,Aarav Patel,aarav.patel528@email.com,28,M,Lucknow,2023-05-16
CUST_0529,Sara Agarwal,sara.agarwal529@email.com,25,M,Lucknow,2023-02-06
CUST_0530,Sara Desai,sara.desai530@email.com,60,F,Jaipur,2022-02-16
CUST_0531,Sai Reddy,sai.reddy531@email.com,42,F,Nagpur,2022-04-06
CUST_0532,Vivaan Gupta,vivaan.gupta532@email.com,46,F,Bhopal,2022-05-15
CUST_0533,Aanya Mehta,aanya.mehta533@email.com,21,M,Chennai,2023-01-21
CUST_0534,Aditya Joshi,aditya.joshi534@email.com,40,M,Thane,2023-05-13
CUST_0535,Vivaan Agarwal,vivaan.agarwal535@email.com,42,M,Thane,2023-05-10
CUST_0536,Ayaan Desai,ayaan.desai536@email.com,37,F,Bangalore,2022-07-22
CUST_0537,Arjun Kumar,arjun.kumar537@email.com,46,M,Kolkata,2023-05-01
CUST_0538,Amir Malhotra,amir.malhotra538@email.com,30,M,Chennai,2022-01-22
CUST_0539,Aditya Joshi,aditya.joshi539@email.com,45,F,Pune,2023-02-26
CUST_0540,Aanya Reddy,aanya.reddy540@email.com,64,M,Bangalore,2022-02-14
CUST_0541,Navya Shah,navya.shah541@email.com,38,F,Jaipur,2022-09-24
CUST_0542,Aarav Malhotra,aarav.malhotra542@email.com,62,F,Thane,2022-02-27
CUST_0543,Arjun Singh,arjun.singh543@email.com,54,F,Hyderabad,2023-04-19
CUST_0544,Vihaan Malhotra,vihaan.malhotra544@email.com,36,M,Nagpur,2023-03-26
CUST_0545,Aanya Nair,aanya.nair545@email.com,59,F,Visakhapatnam,2022-10-20
CUST_0546,Vivaan Singh,vivaan.singh546@email.com,35,F,Indore,2022-03-15
CUST_0547,Vivaan Nair,vivaan.nair547@email.com,39,F,Ahmedabad,2022-01-26
CUST_0548,Aanya Iyer,aanya.iyer548@email.com,41,F,Mumbai,2022-06-22
CUST_0549,Diya Gupta,diya.gupta549@email.com,49,F,Hyderabad,2023-05-13
CUST_0550,Arjun Gupta,arjun.gupta550@email.com,65,M,Bhopal,2023-02-01
CUST_0551,Aanya Rao,aanya.rao551@email.com,44,F,Bangalore,2022-04-07
CUST_0552,Amir Iyer,amir.iyer552@email.com,44,F,Visakhapatnam,2023-01-24
CUST_0553,Vivaan Shah,vivaan.shah553@email.com,28,F,Bangalore,2022-06-09
CUST_0554,Arjun Malhotra,arjun.malhotra554@email.com,51,F,Mumbai,2022-03-30
CUST_0555,Amir Agarwal,amir.agarwal555@email.com,21,M,Ahmedabad,2022-01-17
CUST_0556,Vivaan Iyer,vivaan.iyer556@email.com,41,F,Pune,2022-05-21
CUST_0557,Ira Shah,ira.shah557@email.com,43,F,Hyderabad,2022-12-15
CUST_0558,Ayaan Reddy,ayaan.reddy558@email.com,49,M,Bhopal,2022-04-01
CUST_0559,Ananya Reddy,ananya.reddy559@email.com,28,F,Jaipur,2023-01-19
CUST_0560,Diya Sharma,diya.sharma560@email.com,42,M,Delhi,2022-03-25
CUST_0561,Ayaan Joshi,ayaan.joshi561@email.com,32,M,Pune,2022-05-18
CUST_0562,Aarav Agarwal,aarav.agarwal562@email.com,61,F,Mumbai,2022-08-31
CUST_0563,Sai Mehta,sai.mehta563@email.com,18,M,Ahmedabad,2022-05-10
CUST_0564,Aanya Nair,aanya.nair564@email.com,42,F,Nagpur,2022-08-24
CUST_0565,Amir Desai,amir.desai565@email.com,37,F,Indore,2022-10-27
CUST_0566,Aarav Shah,aarav.shah566@email.com,60,M,Nagpur,2022-10-15
CUST_0567,Diya Joshi,diya.joshi567@email.com,24,F,Visakhapatnam,2022-02-02
CUST_0568,Aanya Joshi,aanya.joshi568@email.com,38,F,Jaipur,2022-05-14
CUST_0569,Amir Singh,amir.singh569@email.com,51,F,Ahmedabad,2023-04-06
CUST_0570,Navya Joshi,navya.joshi570@email.com,38,M,Chennai,2023-01-05
CUST_0571,Sara Gupta,sara.gupta571@email.com,34,M,Thane,2022-07-27
CUST_0572,Vivaan Mehta,vivaan.mehta572@email.com,63,F,Pune,2022-06-25
CUST_0573,Sara Iyer,sara.iyer573@email.com,60,M,Nagpur,2022-09-17
CUST_0574,Sai Agarwal,sai.agarwal574@email.com,60,F,Kolkata,2022-05-31
CUST_0575,Sara Singh,sara.singh575@email.com,65,M,Jaipur,2023-01-07
CUST_0576,Saanvi Joshi,saanvi.joshi576@email.com,23,M,Ahmedabad,2022-07-01
CUST_0577,Diya Nair,diya.nair577@email.com,39,M,Nagpur,2022-05-14
CUST_0578,Ira Agarwal,ira.agarwal578@email.com,25,F,Visakhapatnam,2022-01-28
CUST_0579,Sara Iyer,sara.iyer579@email.com,30,M,Hyderabad,2023-03-21
CUST_0580,Diya Nair,diya.nair580@email.com,21,F,Chennai,2022-03-12
CUST_0581,Saanvi Nair,saanvi.nair581@email.com,54,M,Bhopal,2022-03-15
CUST_0582,Sai Malhotra,sai.malhotra582@email.com,23,F,Visakhapatnam,2022-06-20
CUST_0583,Saanvi Joshi,saanvi.joshi583@email.com,21,M,Mumbai,2022-08-20
CUST_0584,Amir Malhotra,amir.malhotra584@email.com,28,F,Kolkata,2022-09-08
CUST_0585,Arjun Mehta,arjun.mehta585@email.com,45,M,Thane,2022-07-26
CUST_0586,Sara Nair,sara.nair586@email.com,18,F,Delhi,2022-10-01
CUST_0587,Ananya Sharma,ananya.sharma587@email.com,38,M,Pune,2022-01-10
CUST_0588,Ayaan Patel,ayaan.patel588@email.com,62,M,Nagpur,2022-06-09
CUST_0589,Vihaan Nair,vihaan.nair589@email.com,50,M,Lucknow,2022-03-27
CUST_0590,Vivaan Gupta,vivaan.gupta590@email.com,36,M,Bhopal,2023-01-08
CUST_0591,Myra Iyer,myra.iyer591@email.com,61,F,Chennai,2022-06-25
CUST_0592,Ananya Malhotra,ananya.malhotra592@email.com,30,F,Kolkata,2023-05-01
CUST_0593,Aarav Patel,aarav.patel593@email.com,32,F,Chennai,2022-04-19
CUST_0594,Sai Kumar,sai.kumar594@email.com,41,M,Delhi,2022-07-12
CUST_0595,Vivaan Mehta,vivaan.mehta595@email.com,21,F,Hyderabad,2022-12-01
CUST_0596,Vivaan Rao,vivaan.rao596@email.com,25,M,Thane,2022-08-16
CUST_0597,Vihaan Shah,vihaan.shah597@email.com,34,F,Visakhapatnam,2022-12-26
CUST_0598,Amir Rao,amir.rao598@email.com,61,M,Mumbai,2022-06-04
CUST_0599,Vihaan Joshi,vihaan.joshi599@email.com,51,F,Jaipur,2022-11-15
CUST_0600,Myra Agarwal,myra.agarwal600@email.com,24,M,Hyderabad,2022-05-25
CUST_0601,Vihaan Desai,vihaan.desai601@email.com,30,M,Pune,2023-02-03
CUST_0602,Amir Reddy,amir.reddy602@email.com,63,F,Thane,2022-06-01
CUST_0603,Vivaan Shah,vivaan.shah603@email.com,49,M,Pune,2022-12-19
CUST_0604,Saanvi Patel,saanvi.patel604@email.com,18,F,Mumbai,2022-12-10
CUST_0605,Vihaan Agarwal,vihaan.agarwal605@email.com,54,M,Visakhapatnam,2022-03-18
CUST_0606,Aditya Rao,aditya.rao606@email.com,64,M,Hyderabad,2023-04-09
CUST_0607,Ayaan Desai,ayaan.desai607@email.com,36,F,Jaipur,2022-08-26
CUST_0608,Vihaan Agarwal,vihaan.agarwal608@email.com,29,M,Delhi,2023-03-13
CUST_0609,Ananya Malhotra,ananya.malhotra609@email.com,61,F,Kanpur,2022-08-07
CUST_0610,Vihaan Agarwal,vihaan.agarwal610@email.com,20,M,Mumbai,2023-03-13
CUST_0611,Sai Reddy,sai.reddy611@email.com,40,M,Bhopal,2023-05-05
CUST_0612,Aditya Reddy,aditya.reddy612@email.com,39,F,Kolkata,2022-02-28
CUST_0613,Navya Desai,navya.desai613@email.com,35,F,Indore,2022-12-20
CUST_0614,Myra Joshi,myra.joshi614@email.com,28,F,Hyderabad,2022-03-09
CUST_0615,Sai Kumar,sai.kumar615@email.com,44,M,Visakhapatnam,2023-02-15
CUST_0616,Sai Mehta,sai.mehta616@email.com,42,F,Nagpur,2022-11-10
CUST_0617,Arjun Desai,arjun.desai617@email.com,49,M,Hyderabad,2023-03-31
CUST_0618,Ira Sharma,ira.sharma618@email.com,22,F,Jaipur,2022-12-02
CUST_0619,Aarav Rao,aarav.rao619@email.com,61,F,Ahmedabad,2023-05-16
CUST_0620,Vihaan Nair,vihaan.nair620@email.com,60,F,Ahmedabad,2022-09-04
CUST_0621,Navya Singh,navya.singh621@email.com,53,F,Delhi,2022-01-06
CUST_0622,Sara Agarwal,sara.agarwal622@email.com,49,M,Kolkata,2022-02-08
CUST_0623,Saanvi Patel,saanvi.patel623@email.com,39,F,Jaipur,2022-01-26
CUST_0624,Navya Nair,navya.nair624@email.com,33,M,Bangalore,2022-08-24
CUST_0625,Ira Kumar,ira.kumar625@email.com,49,F,Bhopal,2022-06-11
CUST_0626,Sara Rao,sara.rao626@email.com,59,M,Mumbai,2022-02-22
CUST_0627,Myra Sharma,myra.sharma627@email.com,53,F,Mumbai,2023-02-27
CUST_0628,Diya Iyer,diya.iyer628@email.com,50,M,Pune,2022-12-02
CUST_0629,Saanvi Reddy,saanvi.reddy629@email.com,21,F,Ahmedabad,2023-03-09
CUST_0630,Saanvi Shah,saanvi.shah630@email.com,57,F,Visakhapatnam,2023-01-02
CUST_0631,Ira Kumar,ira.kumar631@email.com,24,F,Ahmedabad,2022-01-02
CUST_0632,Ananya Agarwal,ananya.agarwal632@email.com,58,F,Lucknow,2022-10-08
CUST_0633,Vihaan Sharma,vihaan.sharma633@email.com,28,F,Visakhapatnam,2022-03-13
CUST_0634,Vihaan Gupta,vihaan.gupta634@email.com,57,F,Pune,2022-04-07
CUST_0635,Navya Patel,navya.patel635@email.com,47,M,Pune,2023-01-02
CUST_0636,Vihaan Malhotra,vihaan.malhotra636@email.com,44,F,Delhi,2023-04-20
CUST_0637,Ira Desai,ira.desai637@email.com,60,M,Chennai,2023-05-09
CUST_0638,Aarav Shah,aarav.shah638@email.com,65,F,Delhi,2022-10-11
CUST_0639,Sara Iyer,sara.iyer639@email.com,50,F,Kolkata,2022-12-21
CUST_0640,Arjun Kumar,arjun.kumar640@email.com,42,M,Kanpur,2022-09-16
CUST_0641,Myra Mehta,myra.mehta641@email.com,62,F,Ahmedabad,2022-05-21
CUST_0642,Saanvi Gupta,saanvi.gupta642@email.com,46,F,Chennai,2022-03-12
CUST_0643,Diya Agarwal,diya.agarwal643@email.com,62,F,Kanpur,2022-12-31
CUST_0644,Amir Patel,amir.patel644@email.com,57,M,Lucknow,2022-12-18
CUST_0645,Arjun Rao,arjun.rao645@email.com,59,F,Kolkata,2022-09-15
CUST_0646,Vihaan Malhotra,vihaan.malhotra646@email.com,40,F,Visakhapatnam,2022-10-26
CUST_0647,Diya Iyer,diya.iyer647@email.com,45,F,Mumbai,2022-09-25
CUST_0648,Aarav Nair,aarav.nair648@email.com,27,M,Delhi,2022-12-10
CUST_0649,Amir Gupta,amir.gupta649@email.com,28,M,Lucknow,2022-12-16
CUST_0650,Arjun Agarwal,arjun.agarwal650@email.com,21,F,Lucknow,2022-04-15
CUST_0651,Ananya Agarwal,ananya.agarwal651@email.com,46,M,Hyderabad,2022-11-12
CUST_0652,Navya Patel,navya.patel652@email.com,50,M,Lucknow,2022-12-21
CUST_0653,Navya Nair,navya.nair653@email.com,44,M,Kanpur,2023-05-10
CUST_0654,Aarav Rao,aarav.rao654@email.com,34,M,Pune,2022-11-14
CUST_0655,Ayaan Iyer,ayaan.iyer655@email.com,58,F,Nagpur,2023-01-22
CUST_0656,Amir Gupta,amir.gupta656@email.com,46,M,Kolkata,2022-12-16
CUST_0657,Sai Singh,sai.singh657@email.com,65,M,Hyderabad,2022-07-13
CUST_0658,Myra Gupta,myra.gupta658@email.com,53,M,Jaipur,2022-03-08
CUST_0659,Aanya Sharma,aanya.sharma659@email.com,39,M,Bhopal,2022-12-30
CUST_0660,Vivaan Singh,vivaan.singh660@email.com,38,M,Delhi,2023-02-01
CUST_0661,Sara Malhotra,sara.malhotra661@email.com,54,F,Nagpur,2022-02-07
CUST_0662,Ayaan Singh,ayaan.singh662@email.com,51,F,Bangalore,2023-02-07
CUST_0663,Myra Shah,myra.shah663@email.com,52,M,Indore,2022-02-17
CUST_0664,Ayaan Iyer,ayaan.iyer664@email.com,31,F,Kanpur,2022-06-19
CUST_0665,Diya Patel,diya.patel665@email.com,57,F,Visakhapatnam,2022-10-15
CUST_0666,Vihaan Joshi,vihaan.joshi666@email.com,40,M,Bhopal,2022-05-04
CUST_0667,Vivaan Joshi,vivaan.joshi667@email.com,38,M,Indore,2023-04-14
CUST_0668,Navya Gupta,navya.gupta668@email.com,52,M,Lucknow,2022-01-13
CUST_0669,Ira Desai,ira.desai669@email.com,20,F,Lucknow,2023-04-05
CUST_0670,Saanvi Shah,saanvi.shah670@email.com,23,M,Hyderabad,2022-03-27
CUST_0671,Aditya Patel,aditya.patel671@email.com,60,M,Pune,2023-03-19
CUST_0672,Vihaan Patel,vihaan.patel672@email.com,52,F,Thane,2022-11-28
CUST_0673,Arjun Sharma,arjun.sharma673@email.com,47,M,Kanpur,2022-01-20
CUST_0674,Aditya Sharma,aditya.sharma674@email.com,29,M,Jaipur,2022-10-13
CUST_0675,Ayaan Iyer,ayaan.iyer675@email.com,34,M,Thane,2022-07-18
CUST_0676,Navya Nair,navya.nair676@email.com,38,F,Mumbai,2022-07-19
CUST_0677,Aarav Joshi,aarav.joshi677@email.com,64,M,Bangalore,2023-01-23
CUST_0678,Aditya Reddy,aditya.reddy678@email.com,50,M,Hyderabad,2022-05-29
CUST_0679,Aditya Gupta,aditya.gupta679@email.com,46,F,Indore,2022-07-22
CUST_0680,Sara Singh,sara.singh680@email.com,52,M,Ahmedabad,2022-03-11
CUST_0681,Diya Joshi,diya.joshi681@email.com,27,F,Lucknow,2022-12-13
CUST_0682,Aarav Shah,aarav.shah682@email.com,53,F,Chennai,2022-03-05
CUST_0683,Aarav Mehta,aarav.mehta683@email.com,56,M,Indore,2022-10-03
CUST_0684,Diya Patel,diya.patel684@email.com,65,M,Nagpur,2022-04-19
CUST_0685,Arjun Singh,arjun.singh685@email.com,29,F,Ahmedabad,2022-11-12
CUST_0686,Amir Kumar,amir.kumar686@email.com,29,F,Delhi,2023-03-12
CUST_0687,Aditya Gupta,aditya.gupta687@email.com,60,F,Bangalore,2022-05-09
CUST_0688,Amir Rao,amir.rao688@email.com,55,M,Visakhapatnam,2023-05-03
CUST_0689,Ananya Singh,ananya.singh689@email.com,60,F,Ahmedabad,2022-02-21
CUST_0690,Aditya Iyer,aditya.iyer690@email.com,30,F,Kanpur,2022-09-06
CUST_0691,Saanvi Mehta,saanvi.mehta691@email.com,60,F,Lucknow,2022-12-22
CUST_0692,Ananya Malhotra,ananya.malhotra692@email.com,38,M,Thane,2022-03-28
CUST_0693,Saanvi Patel,saanvi.patel693@email.com,32,M,Thane,2022-05-22
CUST_0694,Arjun Joshi,arjun.joshi694@email.com,64,F,Kanpur,2023-03-26
CUST_0695,Ira Desai,ira.desai695@email.com,40,F,Lucknow,2022-09-07
CUST_0696,Sai Joshi,sai.joshi696@email.com,56,M,Bangalore,2023-03-07
CUST_0697,Arjun Iyer,arjun.iyer697@email.com,52,F,Pune,2022-05-15
CUST_0698,Aditya Iyer,aditya.iyer698@email.com,19,M,Mumbai,2023-02-21
CUST_0699,Amir Iyer,amir.iyer699@email.com,20,F,Jaipur,2022-10-06
CUST_0700,Arjun Reddy,arjun.reddy700@email.com,43,F,Ahmedabad,2023-04-02
CUST_0701,Arjun Desai,arjun.desai701@email.com,50,F,Bangalore,2022-07-23
CUST_0702,Aarav Joshi,aarav.joshi702@email.com,33,F,Kolkata,2023-01-23
CUST_0703,Ira Singh,ira.singh703@email.com,29,M,Chennai,2023-01-12
CUST_0704,Ananya Sharma,ananya.sharma704@email.com,32,F,Visakhapatnam,2022-04-29
CUST_0705,Aanya Reddy,aanya.reddy705@email.com,32,M,Delhi,2022-12-09
CUST_0706,Ananya Nair,ananya.nair706@email.com,48,M,Bhopal,2023-03-28
CUST_0707,Vivaan Joshi,vivaan.joshi707@email.com,38,M,Hyderabad,2022-12-27
CUST_0708,Aanya Mehta,aanya.mehta708@email.com,52,F,Kolkata,2022-07-12
CUST_0709,Ananya Mehta,ananya.mehta709@email.com,59,F,Bangalore,2022-09-22
CUST_0710,Navya Iyer,navya.iyer710@email.com,32,F,Indore,2022-06-30
CUST_0711,Sara Malhotra,sara.malhotra711@email.com,48,F,Mumbai,2022-09-14
CUST_0712,Ira Singh,ira.singh712@email.com,32,M,Bangalore,2022-09-21
CUST_0713,Amir Singh,amir.singh713@email.com,29,F,Kolkata,2022-07-05
CUST_0714,Ayaan Nair,ayaan.nair714@email.com,39,M,Hyderabad,2022-09-04
CUST_0715,Sara Patel,sara.patel715@email.com,55,F,Kolkata,2022-11-28
CUST_0716,Aarav Patel,aarav.patel716@email.com,20,F,Chennai,2022-10-21
CUST_0717,Arjun Joshi,arjun.joshi717@email.com,50,M,Delhi,2023-04-02
CUST_0718,Vivaan Singh,vivaan.singh718@email.com,34,M,Kolkata,2022-09-22
CUST_0719,Aarav Iyer,aarav.iyer719@email.com,64,F,Lucknow,2023-04-30
CUST_0720,Amir Desai,amir.desai720@email.com,56,M,Visakhapatnam,2023-03-21
CUST_0721,Sai Patel,sai.patel721@email.com,44,F,Chennai,2023-02-11
CUST_0722,Aanya Singh,aanya.singh722@email.com,64,M,Kanpur,2023-04-18
CUST_0723,Aditya Patel,aditya.patel723@email.com,42,F,Indore,2022-03-09
CUST_0724,Aarav Patel,aarav.patel724@email.com,51,M,Thane,2023-02-28
CUST_0725,Vihaan Singh,vihaan.singh725@email.com,48,M,Delhi,2023-03-26
CUST_0726,Aditya Desai,aditya.desai726@email.com,60,M,Chennai,2023-04-07
CUST_0727,Myra Shah,myra.shah727@email.com,44,M,Nagpur,2023-03-24
CUST_0728,Myra Patel,myra.patel728@email.com,48,M,Indore,2022-06-29
CUST_0729,Myra Singh,myra.singh729@email.com,34,M,Visakhapatnam,2023-01-28
CUST_0730,Aditya Gupta,aditya.gupta730@email.com,56,M,Thane,2022-05-12
CUST_0731,Aarav Rao,aarav.rao731@email.com,65,M,Mumbai,2022-10-23
CUST_0732,Aarav Nair,aarav.nair732@email.com,59,M,Pune,2022-12-19
CUST_0733,Myra Reddy,myra.reddy733@email.com,24,F,Chennai,2022-08-07
CUST_0734,Aanya Agarwal,aanya.agarwal734@email.com,52,F,Thane,2022-10-17
CUST_0735,Aanya Joshi,aanya.joshi735@email.com,43,F,Pune,2022-07-31
CUST_0736,Sai Reddy,sai.reddy736@email.com,53,F,Visakhapatnam,2022-05-10
CUST_0737,Ananya Malhotra,ananya.malhotra737@email.com,63,F,Indore,2023-01-12
CUST_0738,Vihaan Rao,vihaan.rao738@email.com,32,M,Bhopal,2023-02-05
CUST_0739,Vihaan Patel,vihaan.patel739@email.com,50,M,Indore,2023-02-07
CUST_0740,Vivaan Singh,vivaan.singh740@email.com,42,F,Mumbai,2023-02-16
CUST_0741,Arjun Desai,arjun.desai741@email.com,56,M,Thane,2022-02-15
CUST_0742,Aanya Patel,aanya.patel742@email.com,41,M,Bangalore,2022-11-08
CUST_0743,Navya Iyer,navya.iyer743@email.com,43,M,Lucknow,2022-12-31
CUST_0744,Sai Joshi,sai.joshi744@email.com,49,M,Bhopal,2022-01-06
CUST_0745,Diya Patel,diya.patel745@email.com,20,M,Ahmedabad,2022-11-11
CUST_0746,Vivaan Reddy,vivaan.reddy746@email.com,33,M,Mumbai,2023-05-15
CUST_0747,Aditya Gupta,aditya.gupta747@email.com,43,M,Nagpur,2022-12-09
CUST_0748,Navya Mehta,navya.mehta748@email.com,30,F,Mumbai,2023-01-13
CUST_0749,Aditya Shah,aditya.shah749@email.com,36,M,Nagpur,2022-06-27
CUST_0750,Ayaan Mehta,ayaan.mehta750@email.com,30,F,Bhopal,2023-04-22
CUST_0751,Aarav Gupta,aarav.gupta751@email.com,29,F,Thane,2022-09-17
CUST_0752,Aditya Shah,aditya.shah752@email.com,36,M,Kanpur,2023-04-30
CUST_0753,Aanya Iyer,aanya.iyer753@email.com,52,M,Jaipur,2022-12-22
CUST_0754,Navya Mehta,navya.mehta754@email.com,48,F,Ahmedabad,2023-01-23
CUST_0755,Ira Joshi,ira.joshi755@email.com,47,F,Mumbai,2022-09-04
CUST_0756,Aanya Kumar,aanya.kumar756@email.com,42,M,Ahmedabad,2022-12-13
CUST_0757,Saanvi Nair,saanvi.nair757@email.com,40,M,Mumbai,2022-12-25
CUST_0758,Ayaan Gupta,ayaan.gupta758@email.com,23,F,Indore,2022-12-11
CUST_0759,Aditya Shah,aditya.shah759@email.com,29,F,Visakhapatnam,2022-06-10
CUST_0760,Amir Iyer,amir.iyer760@email.com,54,F,Jaipur,2022-04-04
CUST_0761,Sara Rao,sara.rao761@email.com,30,M,Ahmedabad,2023-01-12
CUST_0762,Aanya Patel,aanya.patel762@email.com,32,M,Pune,2023-03-04
CUST_0763,Ananya Singh,ananya.singh763@email.com,24,M,Hyderabad,2023-04-17
CUST_0764,Sara Mehta,sara.mehta764@email.com,18,M,Delhi,2023-03-11
CUST_0765,Ananya Mehta,ananya.mehta765@email.com,38,F,Visakhapatnam,2023-04-05
CUST_0766,Sara Singh,sara.singh766@email.com,50,F,Jaipur,2022-07-23
CUST_0767,Arjun Sharma,arjun.sharma767@email.com,51,M,Thane,2022-09-02
CUST_0768,Ananya Nair,ananya.nair768@email.com,61,M,Kolkata,2022-08-23
CUST_0769,Ira Reddy,ira.reddy769@email.com,62,M,Mumbai,2022-01-07
CUST_0770,Navya Mehta,navya.mehta770@email.com,24,M,Kanpur,2022-07-05
CUST_0771,Sai Shah,sai.shah771@email.com,34,F,Ahmedabad,2022-05-18
CUST_0772,Saanvi Reddy,saanvi.reddy772@email.com,29,F,Visakhapatnam,2022-08-06
CUST_0773,Myra Rao,myra.rao773@email.com,41,M,Nagpur,2023-03-14
CUST_0774,Aanya Desai,aanya.desai774@email.com,29,F,Chennai,2022-10-22
CUST_0775,Vihaan Rao,vihaan.rao775@email.com,35,M,Ahmedabad,2022-10-12
CUST_0776,Navya Patel,navya.patel776@email.com,27,F,Chennai,2022-08-31
CUST_0777,Sai Nair,sai.nair777@email.com,49,M,Chennai,2023-04-03
CUST_0778,Sara Gupta,sara.gupta778@email.com,34,F,Delhi,2022-07-23
CUST_0779,Sai Sharma,sai.sharma779@email.com,31,M,Jaipur,2022-09-01
CUST_0780,Ira Rao,ira.rao780@email.com,39,M,Jaipur,2022-07-04
CUST_0781,Aanya Reddy,aanya.reddy781@email.com,19,F,Thane,2022-03-04
CUST_0782,Amir Mehta,amir.mehta782@email.com,54,F,Kolkata,2023-02-04
CUST_0783,Ananya Reddy,ananya.reddy783@email.com,61,F,Visakhapatnam,2023-02-01
CUST_0784,Aditya Nair,aditya.nair784@email.com,57,F,Lucknow,2022-08-26
CUST_0785,Sai Joshi,sai.joshi785@email.com,39,M,Thane,2022-11-20
CUST_0786,Aditya Kumar,aditya.kumar786@email.com,28,F,Kanpur,2022-04-27
CUST_0787,Saanvi Joshi,saanvi.joshi787@email.com,36,F,Jaipur,2022-11-06
CUST_0788,Aanya Iyer,aanya.iyer788@email.com,46,F,Nagpur,2023-01-18
CUST_0789,Myra Singh,myra.singh789@email.com,29,F,Mumbai,2022-03-06
CUST_0790,Aanya Rao,aanya.rao790@email.com,62,M,Bangalore,2022-04-18
CUST_0791,Navya Kumar,navya.kumar791@email.com,24,M,Bangalore,2023-04-25
CUST_0792,Vivaan Sharma,vivaan.sharma792@email.com,43,F,Bangalore,2022-02-23
CUST_0793,Arjun Kumar,arjun.kumar793@email.com,59,F,Indore,2022-06-08
CUST_0794,Ayaan Rao,ayaan.rao794@email.com,36,M,Bhopal,2022-11-17
CUST_0795,Arjun Shah,arjun.shah795@email.com,28,M,Mumbai,2022-01-18
CUST_0796,Saanvi Agarwal,saanvi.agarwal796@email.com,48,F,Bhopal,2023-05-15
CUST_0797,Ira Singh,ira.singh797@email.com,62,F,Kolkata,2022-10-30
CUST_0798,Myra Shah,myra.shah798@email.com,58,F,Lucknow,2023-04-11
CUST_0799,Sara Shah,sara.shah799@email.com,32,F,Bangalore,2022-08-15
CUST_0800,Ananya Nair,ananya.nair800@email.com,34,F,Chennai,2022-06-05
CUST_0801,Aarav Shah,aarav.shah801@email.com,26,M,Nagpur,2022-05-27
CUST_0802,Aarav Rao,aarav.rao802@email.com,49,F,Visakhapatnam,2022-06-03
CUST_0803,Myra Malhotra,myra.malhotra803@email.com,36,M,Ahmedabad,2023-02-12
CUST_0804,Ananya Patel,ananya.patel804@email.com,44,M,Thane,2022-07-22
CUST_0805,Sai Rao,sai.rao805@email.com,65,M,Indore,2023-03-01
CUST_0806,Ayaan Gupta,ayaan.gupta806@email.com,23,F,Thane,2022-11-17
CUST_0807,Aanya Gupta,aanya.gupta807@email.com,59,M,Jaipur,2022-07-31
CUST_0808,Aditya Singh,aditya.singh808@email.com,26,M,Lucknow,2022-02-26
CUST_0809,Ira Gupta,ira.gupta809@email.com,62,F,Visakhapatnam,2022-04-07
CUST_0810,Aarav Singh,aarav.singh810@email.com,21,F,Mumbai,2022-04-06
CUST_0811,Diya Gupta,diya.gupta811@email.com,26,M,Bhopal,2023-01-08
CUST_0812,Ayaan Kumar,ayaan.kumar812@email.com,27,M,Mumbai,2022-09-10
CUST_0813,Saanvi Nair,saanvi.nair813@email.com,37,M,Visakhapatnam,2022-07-10
CUST_0814,Vivaan Reddy,vivaan.reddy814@email.com,23,F,Chennai,2022-01-29
CUST_0815,Navya Kumar,navya.kumar815@email.com,52,F,Visakhapatnam,2022-04-03
CUST_0816,Aanya Agarwal,aanya.agarwal816@email.com,42,M,Mumbai,2022-03-04
CUST_0817,Navya Malhotra,navya.malhotra817@email.com,46,M,Ahmedabad,2023-01-13
CUST_0818,Amir Desai,amir.desai818@email.com,65,M,Hyderabad,2022-09-24
CUST_0819,Sara Nair,sara.nair819@email.com,61,M,Lucknow,2023-04-25
CUST_0820,Sai Joshi,sai.joshi820@email.com,64,F,Delhi,2023-01-17
CUST_0821,Aanya Desai,aanya.desai821@email.com,58,M,Lucknow,2022-04-12
CUST_0822,Vivaan Agarwal,vivaan.agarwal822@email.com,60,F,Pune,2023-05-14
CUST_0823,Ayaan Joshi,ayaan.joshi823@email.com,45,M,Kanpur,2022-01-08
CUST_0824,Aanya Mehta,aanya.mehta824@email.com,25,M,Indore,2023-02-09
CUST_0825,Aarav Sharma,aarav.sharma825@email.com,55,M,Visakhapatnam,2022-12-19
CUST_0826,Ananya Malhotra,ananya.malhotra826@email.com,23,M,Ahmedabad,2022-03-22
CUST_0827,Aditya Joshi,aditya.joshi827@email.com,57,F,Kanpur,2023-04-22
CUST_0828,Vivaan Reddy,vivaan.reddy828@email.com,59,M,Chennai,2022-12-26
CUST_0829,Arjun Desai,arjun.desai829@email.com,32,M,Kanpur,2022-10-13
CUST_0830,Ira Rao,ira.rao830@email.com,30,F,Mumbai,2022-12-19
CUST_0831,Ananya Rao,ananya.rao831@email.com,26,F,Jaipur,2023-04-06
CUST_0832,Sara Rao,sara.rao832@email.com,46,M,Lucknow,2022-10-05
CUST_0833,Amir Mehta,amir.mehta833@email.com,29,F,Nagpur,2022-06-15
CUST_0834,Aanya Agarwal,aanya.agarwal834@email.com,56,F,Kolkata,2022-02-05
CUST_0835,Ira Gupta,ira.gupta835@email.com,34,M,Nagpur,2022-08-21
CUST_0836,Navya Rao,navya.rao836@email.com,29,M,Mumbai,2022-11-14
CUST_0837,Ayaan Reddy,ayaan.reddy837@email.com,64,F,Bangalore,2022-12-04
CUST_0838,Amir Shah,amir.shah838@email.com,61,F,Visakhapatnam,2023-01-28
CUST_0839,Diya Reddy,diya.reddy839@email.com,44,M,Kanpur,2022-02-26
CUST_0840,Aditya Sharma,aditya.sharma840@email.com,26,M,Kolkata,2023-03-24
CUST_0841,Amir Kumar,amir.kumar841@email.com,49,M,Pune,2022-02-20
CUST_0842,Navya Joshi,navya.joshi842@email.com,49,M,Jaipur,2022-01-26
CUST_0843,Ayaan Mehta,ayaan.mehta843@email.com,63,F,Bangalore,2022-01-07
CUST_0844,Sara Iyer,sara.iyer844@email.com,23,M,Bhopal,2023-02-15
CUST_0845,Ananya Shah,ananya.shah845@email.com,65,M,Thane,2023-02-25
CUST_0846,Vivaan Agarwal,vivaan.agarwal846@email.com,57,F,Jaipur,2022-09-28
CUST_0847,Aditya Agarwal,aditya.agarwal847@email.com,37,M,Bangalore,2023-04-29
CUST_0848,Vihaan Kumar,vihaan.kumar848@email.com,64,M,Ahmedabad,2022-09-30
CUST_0849,Amir Patel,amir.patel849@email.com,51,F,Ahmedabad,2022-10-19
CUST_0850,Myra Rao,myra.rao850@email.com,24,M,Nagpur,2022-12-12
CUST_0851,Myra Iyer,myra.iyer851@email.com,24,F,Kolkata,2023-02-10
CUST_0852,Navya Shah,navya.shah852@email.com,39,M,Kolkata,2022-10-01
CUST_0853,Ananya Iyer,ananya.iyer853@email.com,38,F,Kanpur,2023-03-09
CUST_0854,Myra Malhotra,myra.malhotra854@email.com,58,F,Thane,2023-02-27
CUST_0855,Ayaan Mehta,ayaan.mehta855@email.com,52,F,Pune,2022-07-12
CUST_0856,Ananya Desai,ananya.desai856@email.com,46,F,Indore,2022-01-01
CUST_0857,Diya Mehta,diya.mehta857@email.com,19,M,Chennai,2023-04-01
CUST_0858,Aarav Gupta,aarav.gupta858@email.com,32,F,Pune,2023-03-15
CUST_0859,Aarav Malhotra,aarav.malhotra859@email.com,62,F,Jaipur,2023-04-16
CUST_0860,Vihaan Sharma,vihaan.sharma860@email.com,47,M,Nagpur,2022-03-21
CUST_0861,Aanya Reddy,aanya.reddy861@email.com,55,M,Ahmedabad,2022-04-30
CUST_0862,Diya Kumar,diya.kumar862@email.com,54,F,Indore,2022-10-19
CUST_0863,Aditya Rao,aditya.rao863@email.com,38,M,Visakhapatnam,2022-03-30
CUST_0864,Vihaan Mehta,vihaan.mehta864@email.com,59,F,Lucknow,2022-01-20
CUST_0865,Aditya Malhotra,aditya.malhotra865@email.com,21,F,Kanpur,2022-06-28
CUST_0866,Myra Iyer,myra.iyer866@email.com,25,F,Ahmedabad,2023-01-18
CUST_0867,Navya Sharma,navya.sharma867@email.com,37,M,Delhi,2022-06-13
CUST_0868,Saanvi Shah,saanvi.shah868@email.com,62,M,Ahmedabad,2022-03-20
CUST_0869,Navya Desai,navya.desai869@email.com,56,M,Bangalore,2022-04-24
CUST_0870,Diya Malhotra,diya.malhotra870@email.com,43,F,Chennai,2022-03-09
CUST_0871,Aditya Desai,aditya.desai871@email.com,54,F,Delhi,2022-10-08
CUST_0872,Aanya Kumar,aanya.kumar872@email.com,43,F,Thane,2023-02-01
CUST_0873,Arjun Desai,arjun.desai873@email.com,53,M,Pune,2022-09-07
CUST_0874,Amir Shah,amir.shah874@email.com,57,F,Ahmedabad,2022-05-05
CUST_0875,Aanya Malhotra,aanya.malhotra875@email.com,45,M,Kanpur,2022-12-17
CUST_0876,Vihaan Joshi,vihaan.joshi876@email.com,44,M,Thane,2022-07-07
CUST_0877,Amir Reddy,amir.reddy877@email.com,40,F,Mumbai,2023-01-30
CUST_0878,Sai Reddy,sai.reddy878@email.com,57,F,Bhopal,2022-11-16
CUST_0879,Ira Sharma,ira.sharma879@email.com,32,M,Pune,2022-12-17
CUST_0880,Arjun Malhotra,arjun.malhotra880@email.com,64,F,Bangalore,2022-02-27
CUST_0881,Ayaan Mehta,ayaan.mehta881@email.com,27,M,Lucknow,2022-01-08
CUST_0882,Vihaan Gupta,vihaan.gupta882@email.com,46,F,Visakhapatnam,2022-01-12
CUST_0883,Amir Rao,amir.rao883@email.com,52,F,Pune,2022-04-15
CUST_0884,Sara Mehta,sara.mehta884@email.com,64,F,Chennai,2022-12-22
CUST_0885,Navya Mehta,navya.mehta885@email.com,60,M,Delhi,2022-05-11
CUST_0886,Vivaan Gupta,vivaan.gupta886@email.com,30,M,Jaipur,2022-01-28
CUST_0887,Aarav Kumar,aarav.kumar887@email.com,42,F,Jaipur,2022-12-06
CUST_0888,Vihaan Sharma,vihaan.sharma888@email.com,36,F,Indore,2022-04-29
CUST_0889,Vihaan Iyer,vihaan.iyer889@email.com,38,F,Visakhapatnam,2023-03-20
CUST_0890,Sai Patel,sai.patel890@email.com,50,M,Bhopal,2022-10-15
CUST_0891,Vivaan Patel,vivaan.patel891@email.com,51,M,Lucknow,2022-06-20
CUST_0892,Navya Rao,navya.rao892@email.com,28,F,Mumbai,2022-06-27
CUST_0893,Ananya Joshi,ananya.joshi893@email.com,37,F,Ahmedabad,2023-05-16
CUST_0894,Vivaan Joshi,vivaan.joshi894@email.com,34,F,Indore,2023-04-01
CUST_0895,Aanya Patel,aanya.patel895@email.com,27,M,Kanpur,2023-04-05
CUST_0896,Arjun Kumar,arjun.kumar896@email.com,64,F,Indore,2022-09-24
CUST_0897,Myra Patel,myra.patel897@email.com,54,M,Chennai,2022-08-07
CUST_0898,Saanvi Desai,saanvi.desai898@email.com,52,F,Chennai,2022-04-16
CUST_0899,Amir Agarwal,amir.agarwal899@email.com,26,M,Lucknow,2022-12-19
CUST_0900,Myra Iyer,myra.iyer900@email.com,27,M,Kolkata,2022-06-12
CUST_0901,Vihaan Singh,vihaan.singh901@email.com,38,M,Chennai,2023-01-08
CUST_0902,Saanvi Iyer,saanvi.iyer902@email.com,44,M,Thane,2022-06-05
CUST_0903,Aanya Singh,aanya.singh903@email.com,30,F,Hyderabad,2022-03-09
CUST_0904,Aarav Malhotra,aarav.malhotra904@email.com,57,M,Jaipur,2022-11-07
CUST_0905,Ayaan Patel,ayaan.patel905@email.com,61,M,Mumbai,2022-07-03
CUST_0906,Sara Singh,sara.singh906@email.com,50,M,Visakhapatnam,2022-12-31
CUST_0907,Sai Agarwal,sai.agarwal907@email.com,42,F,Visakhapatnam,2022-08-31
CUST_0908,Sai Patel,sai.patel908@email.com,32,M,Delhi,2022-07-29
CUST_0909,Aanya Nair,aanya.nair909@email.com,32,M,Pune,2023-01-23
CUST_0910,Aditya Singh,aditya.singh910@email.com,46,M,Visakhapatnam,2022-12-19
CUST_0911,Ira Iyer,ira.iyer911@email.com,33,F,Thane,2022-07-27
CUST_0912,Navya Rao,navya.rao912@email.com,38,M,Indore,2022-11-10
CUST_0913,Vihaan Desai,vihaan.desai913@email.com,47,M,Delhi,2023-03-26
CUST_0914,Navya Rao,navya.rao914@email.com,20,M,Indore,2022-09-22
CUST_0915,Amir Gupta,amir.gupta915@email.com,46,M,Indore,2023-03-29
CUST_0916,Diya Desai,diya.desai916@email.com,28,F,Thane,2022-05-31
CUST_0917,Arjun Desai,arjun.desai917@email.com,59,M,Bhopal,2022-02-16
CUST_0918,Sai Malhotra,sai.malhotra918@email.com,55,M,Chennai,2022-07-21
CUST_0919,Saanvi Desai,saanvi.desai919@email.com,19,F,Kolkata,2022-08-21
CUST_0920,Ira Kumar,ira.kumar920@email.com,34,M,Kanpur,2022-12-21
CUST_0921,Vihaan Kumar,vihaan.kumar921@email.com,25,M,Bhopal,2022-11-21
CUST_0922,Aditya Shah,aditya.shah922@email.com,63,F,Indore,2023-01-08
CUST_0923,Navya Shah,navya.shah923@email.com,42,M,Delhi,2023-01-29
CUST_0924,Saanvi Mehta,saanvi.mehta924@email.com,60,M,Chennai,2022-03-25
CUST_0925,Sai Malhotra,sai.malhotra925@email.com,63,M,Delhi,2022-08-03
CUST_0926,Diya Rao,diya.rao926@email.com,46,F,Lucknow,2022-11-17
CUST_0927,Vihaan Iyer,vihaan.iyer927@email.com,26,M,Pune,2022-01-02
CUST_0928,Aarav Desai,aarav.desai928@email.com,49,F,Visakhapatnam,2022-10-06
CUST_0929,Sara Patel,sara.patel929@email.com,31,M,Visakhapatnam,2022-08-21
CUST_0930,Ira Kumar,ira.kumar930@email.com,56,F,Mumbai,2022-05-06
CUST_0931,Amir Sharma,amir.sharma931@email.com,29,F,Chennai,2022-01-29
CUST_0932,Vivaan Singh,vivaan.singh932@email.com,20,F,Lucknow,2022-06-19
CUST_0933,Vivaan Kumar,vivaan.kumar933@email.com,44,M,Kolkata,2022-03-24
CUST_0934,Sai Desai,sai.desai934@email.com,65,F,Nagpur,2023-04-22
CUST_0935,Aditya Malhotra,aditya.malhotra935@email.com,37,M,Kanpur,2022-07-08
CUST_0936,Aditya Malhotra,aditya.malhotra936@email.com,45,F,Bangalore,2022-05-30
CUST_0937,Arjun Kumar,arjun.kumar937@email.com,62,F,Jaipur,2022-06-18
CUST_0938,Amir Rao,amir.rao938@email.com,31,F,Delhi,2022-02-25
CUST_0939,Sara Rao,sara.rao939@email.com,62,M,Lucknow,2022-08-07
CUST_0940,Aanya Shah,aanya.shah940@email.com,54,F,Nagpur,2023-04-20
CUST_0941,Sara Shah,sara.shah941@email.com,64,M,Visakhapatnam,2022-09-10
CUST_0942,Ayaan Rao,ayaan.rao942@email.com,36,M,Pune,2022-01-01
CUST_0943,Aarav Desai,aarav.desai943@email.com,58,M,Hyderabad,2023-01-13
CUST_0944,Myra Nair,myra.nair944@email.com,20,M,Kanpur,2022-06-29
CUST_0945,Aarav Joshi,aarav.joshi945@email.com,30,M,Lucknow,2022-05-11
CUST_0946,Diya Gupta,diya.gupta946@email.com,50,M,Kanpur,2023-01-28
CUST_0947,Vihaan Joshi,vihaan.joshi947@email.com,39,M,Kanpur,2022-07-22
CUST_0948,Sai Patel,sai.patel948@email.com,39,M,Kanpur,2023-04-18
CUST_0949,Sara Malhotra,sara.malhotra949@email.com,20,F,Chennai,2022-09-04
CUST_0950,Ira Iyer,ira.iyer950@email.com,52,M,Kanpur,2022-08-25
CUST_0951,Vivaan Agarwal,vivaan.agarwal951@email.com,51,F,Lucknow,2022-10-17
CUST_0952,Aarav Patel,aarav.patel952@email.com,54,F,Kanpur,2023-02-14
CUST_0953,Aditya Singh,aditya.singh953@email.com,35,F,Mumbai,2022-06-23
CUST_0954,Sai Mehta,sai.mehta954@email.com,56,F,Indore,2022-04-06
CUST_0955,Diya Rao,diya.rao955@email.com,38,M,Delhi,2022-05-20
CUST_0956,Aditya Desai,aditya.desai956@email.com,33,F,Nagpur,2022-08-20
CUST_0957,Amir Shah,amir.shah957@email.com,37,F,Kolkata,2022-02-27
CUST_0958,Vivaan Malhotra,vivaan.malhotra958@email.com,30,F,Bangalore,2022-08-16
CUST_0959,Sara Iyer,sara.iyer959@email.com,50,M,Chennai,2022-04-08
CUST_0960,Sara Rao,sara.rao960@email.com,51,F,Lucknow,2023-02-02
CUST_0961,Arjun Malhotra,arjun.malhotra961@email.com,24,F,Chennai,2022-04-16
CUST_0962,Ira Nair,ira.nair962@email.com,63,M,Hyderabad,2022-01-03
CUST_0963,Vivaan Joshi,vivaan.joshi963@email.com,56,F,Bangalore,2022-06-20
CUST_0964,Vivaan Kumar,vivaan.kumar964@email.com,51,F,Lucknow,2022-01-12
CUST_0965,Amir Reddy,amir.reddy965@email.com,30,F,Pune,2022-05-27
CUST_0966,Saanvi Malhotra,saanvi.malhotra966@email.com,46,F,Hyderabad,2022-05-20
CUST_0967,Sai Gupta,sai.gupta967@email.com,25,M,Mumbai,2023-05-06
CUST_0968,Amir Shah,amir.shah968@email.com,40,M,Kanpur,2022-05-19
CUST_0969,Diya Mehta,diya.mehta969@email.com,33,M,Kolkata,2022-02-06
CUST_0970,Saanvi Shah,saanvi.shah970@email.com,46,F,Delhi,2022-03-08
CUST_0971,Sara Iyer,sara.iyer971@email.com,61,M,Delhi,2022-02-24
CUST_0972,Vivaan Kumar,vivaan.kumar972@email.com,45,F,Indore,2022-04-02
CUST_0973,Ananya Gupta,ananya.gupta973@email.com,39,F,Pune,2023-01-01
CUST_0974,Ira Mehta,ira.mehta974@email.com,26,M,Bangalore,2023-02-21
CUST_0975,Vihaan Desai,vihaan.desai975@email.com,37,F,Bhopal,2022-08-29
CUST_0976,Ayaan Singh,ayaan.singh976@email.com,57,M,Jaipur,2023-04-13
CUST_0977,Navya Singh,navya.singh977@email.com,62,F,Kanpur,2023-02-08
CUST_0978,Ira Desai,ira.desai978@email.com,19,F,Bangalore,2022-09-01
CUST_0979,Ananya Desai,ananya.desai979@email.com,47,M,Kolkata,2022-05-25
CUST_0980,Arjun Shah,arjun.shah980@email.com,24,F,Indore,2023-02-23
CUST_0981,Saanvi Shah,saanvi.shah981@email.com,59,M,Bangalore,2023-02-10
CUST_0982,Ira Nair,ira.nair982@email.com,55,F,Thane,2022-05-03
CUST_0983,Sai Desai,sai.desai983@email.com,42,M,Bangalore,2022-06-24
CUST_0984,Myra Malhotra,myra.malhotra984@email.com,45,M,Kanpur,2022-10-06
CUST_0985,Sai Joshi,sai.joshi985@email.com,60,M,Bangalore,2023-01-14
CUST_0986,Vihaan Mehta,vihaan.mehta986@email.com,56,F,Bhopal,2022-06-16
CUST_0987,Ira Singh,ira.singh987@email.com,37,M,Indore,2022-02-05
CUST_0988,Navya Reddy,navya.reddy988@email.com,49,M,Delhi,2022-02-16
CUST_0989,Arjun Iyer,arjun.iyer989@email.com,55,M,Mumbai,2023-01-23
CUST_0990,Arjun Desai,arjun.desai990@email.com,52,M,Lucknow,2022-07-19
CUST_0991,Amir Patel,amir.patel991@email.com,61,F,Kanpur,2022-06-03
CUST_0992,Myra Rao,myra.rao992@email.com,40,F,Bangalore,2022-10-26
CUST_0993,Navya Agarwal,navya.agarwal993@email.com,26,M,Lucknow,2022-02-01
CUST_0994,Vivaan Sharma,vivaan.sharma994@email.com,63,F,Nagpur,2022-02-26
CUST_0995,Aarav Patel,aarav.patel995@email.com,45,F,Indore,2022-11-17
CUST_0996,Navya Nair,navya.nair996@email.com,42,F,Thane,2022-10-07
CUST_0997,Sai Desai,sai.desai997@email.com,26,M,Pune,2022-10-12
CUST_0998,Ananya Agarwal,ananya.agarwal998@email.com,44,F,Chennai,2022-05-28
CUST_0999,Arjun Sharma,arjun.sharma999@email.com,22,M,Mumbai,2022-03-15
CUST_1000,Myra Singh,myra.singh1000@email.com,23,F,Chennai,2022-11-25
